Workbook

Sheet Tổng quan
A1: Checklist triển khai theo milestone M0 → M6 — Da Nang Connect (Giai đoạn 1)
A2: Trạng thái chụp ngày 19/09/2026. Đổi cột "Trạng thái" ở các sheet M0–M6, bảng dưới tự cập nhật. Xem sheet "Chú thích" để biết cách đọc và nguồn số liệu. Phân công 60-20-20 theo chức năng ngày 23/09/2026 (QĐ-78): xem sheet "Phân công". Cập nhật trạng thái các mục của TV3 ngày 03/10/2026 (sau khi chạy e2e thật).
A4: Phase | B4: Tên | C4: Ngày chốt | D4: Sprint | E4: Tổng mục | F4: Xong | G4: Một phần | H4: Chưa làm | I4: Bị chặn | J4: Cần chốt | K4: Chưa xác nhận | L4: Cắt / hoãn | M4: Tỷ lệ xong | N4: Mục tiêu | O4: Nếu trượt
A5: M0 | B5: Setup hạ tầng | C5: 18/09/2026 | D5: L0 | E5: =COUNTA(M0!$C$6:$C$400) -> 35 | F5: =COUNTIF(M0!$I$6:$I$400,"Xong") -> 9 | G5: =COUNTIF(M0!$I$6:$I$400,"Một phần") -> 5 | H5: =COUNTIF(M0!$I$6:$I$400,"Chưa làm") -> 10 | I5: =COUNTIF(M0!$I$6:$I$400,"Bị chặn") -> 0 | J5: =COUNTIF(M0!$I$6:$I$400,"Cần chốt") -> 1 | K5: =COUNTIF(M0!$I$6:$I$400,"Chưa xác nhận") -> 5 | L5: =COUNTIF(M0!$I$6:$I$400,"Cắt / hoãn") -> 5 | M5: =IFERROR(F5/(E5-L5),0) -> 0.3 | N5: L0 — 07/09 – 18/09/2026: Monorepo, Docker Compose, NestJS, Next.js, CI, khung i18n | O5: M0 trượt tối đa 3 ngày làm việc. Quá 3 ngày thì rút E1-S8 xuống mức script và đẩy phần còn lại vào S1 — không được để trượt lan sang M1 vì M1 nằm trên đường găng. Tinh gọn: Phương án script cho E1-S8 (còn 4 SP) đã được dùng sẵn, nên M0 không còn đòn bẩy hạ tải nào khác. Mọi phần trượt ăn thẳng vào L1, vốn đã xếp 32 SP story còn mở trên sức chứa 28.
A6: M1 | B6: API nền + Auth | C6: 02/10/2026 | D6: L1 | E6: =COUNTA('M1'!$C$6:$C$400) -> 49 | F6: =COUNTIF('M1'!$I$6:$I$400,"Xong") -> 11 | G6: =COUNTIF('M1'!$I$6:$I$400,"Một phần") -> 7 | H6: =COUNTIF('M1'!$I$6:$I$400,"Chưa làm") -> 18 | I6: =COUNTIF('M1'!$I$6:$I$400,"Bị chặn") -> 2 | J6: =COUNTIF('M1'!$I$6:$I$400,"Cần chốt") -> 6 | K6: =COUNTIF('M1'!$I$6:$I$400,"Chưa xác nhận") -> 2 | L6: =COUNTIF('M1'!$I$6:$I$400,"Cắt / hoãn") -> 3 | M6: =IFERROR(F6/(E6-L6),0) -> 0.23913043 | N6: L1 — 21/09 – 02/10/2026: Auth email + Google, refresh rotation, RBAC enum 5 role, trust_signals | O6: M1 không được trượt. Đây là mắt xích đường găng cứng nhất phía kỹ thuật — toàn bộ E3, E4, E6 đều chờ nó. Trượt M1 thì trượt hết. Phương án khẩn: cắt E2-S5 (Facebook) và E2-S6 (đặt lại mật khẩu) sang S2, dồn 2 người vào E2-S2 và E2-S9. Tinh gọn: E2-S4 và E2-S5 đã cắt, E2-S9 đã hoãn và E2-S2 đã xong, nên phương án khẩn là dời E1-S9 (Sentry chỉ cần trước khi staging có người dùng thật, tức beta L10) và E2-S6 sang L2, dồn TV2 vào E2-S1 và E2-S3 (Google trên web), TV1 hỗ trợ E2-S1 khi xong phần L0 còn tồn.
A7: M2 | B7: Tạo & khám phá sự kiện | C7: 13/11/2026 | D7: L2, L3, L4 | E7: =COUNTA('M2'!$C$6:$C$400) -> 72 | F7: =COUNTIF('M2'!$I$6:$I$400,"Xong") -> 0 | G7: =COUNTIF('M2'!$I$6:$I$400,"Một phần") -> 13 | H7: =COUNTIF('M2'!$I$6:$I$400,"Chưa làm") -> 43 | I7: =COUNTIF('M2'!$I$6:$I$400,"Bị chặn") -> 0 | J7: =COUNTIF('M2'!$I$6:$I$400,"Cần chốt") -> 5 | K7: =COUNTIF('M2'!$I$6:$I$400,"Chưa xác nhận") -> 1 | L7: =COUNTIF('M2'!$I$6:$I$400,"Cắt / hoãn") -> 10 | M7: =IFERROR(F7/(E7-L7),0) -> 0 | N7: L2 — 05/10 – 16/10/2026: Mô hình sự kiện + PostGIS + areas 6 khu vực MVP, hồ sơ cá nhân, ảnh qua dịch vụ có sẵn L3 — 19/10 – 30/10/2026: Tạo / sửa / huỷ sự kiện, form web một trang có tự lưu nháp, trang chi tiết + SEO/OG L4 — 02/11 – 13/11/2026: API lọc hyperlocal (khu vực · loại hình · thời gian · ngôn ngữ · phí), trang khám phá | O7: M2 đã có sẵn cơ chế ba nấc (§6.7). Nếu nấc 1 (web) trượt quá 1 tuần thì đây là điều kiện dừng cấp 1 — dừng nhận story mới, họp lại phạm vi trong 48 giờ, cân nhắc đòn bẩy 1 (thuê Mobile hợp đồng) hoặc rơi sang §10. Tinh gọn: M2 chỉ còn nấc web (M2+/M2++ hoãn cùng nhánh native) và không còn đòn bẩy thuê Mobile hợp đồng. Nếu L2–L4 trượt quá 1 tuần thì đòn bẩy phạm vi còn lại là nhóm C §10.2 (08:1608), chỉ áp khi Founder ký. Trong M2, nhóm C chỉ chạm E5-S3, mục mà NT-2 (08:1554) ghi giữ nguyên, nên phải giải mâu thuẫn này khi ký.
A8: M3 | B8: RSVP + Waitlist + Thông báo | C8: 11/12/2026 | D8: L5, L6 | E8: =COUNTA('M3'!$C$6:$C$400) -> 40 | F8: =COUNTIF('M3'!$I$6:$I$400,"Xong") -> 0 | G8: =COUNTIF('M3'!$I$6:$I$400,"Một phần") -> 4 | H8: =COUNTIF('M3'!$I$6:$I$400,"Chưa làm") -> 33 | I8: =COUNTIF('M3'!$I$6:$I$400,"Bị chặn") -> 0 | J8: =COUNTIF('M3'!$I$6:$I$400,"Cần chốt") -> 1 | K8: =COUNTIF('M3'!$I$6:$I$400,"Chưa xác nhận") -> 0 | L8: =COUNTIF('M3'!$I$6:$I$400,"Cắt / hoãn") -> 2 | M8: =IFERROR(F8/(E8-L8),0) -> 0 | N8: L5 — 16/11 – 27/11/2026: RSVP + sức chứa + WAITLIST, hàng đợi BullMQ L6 — 30/11 – 11/12/2026: Dịch vụ thông báo, email, nhắc T‑24h và T‑2h, Web Push cho PWA | O8: M3-3 (waitlist) là MUST của MVP, không được hoãn. Nếu tuần W09 kết thúc mà E6-S3 chưa xong, cắt ngay E5-S7 khỏi S4 và dồn toàn bộ nhánh backend vào RSVP. Nấc M2+ lùi sang S5. Tinh gọn: E5-S7 đã hoãn theo nhóm A nên không còn story mobile để cắt thay. Nếu hết L5 (27/11/2026) mà E6-S3 chưa xong thì dời MK-MY-01, MK-MY-02 và MK-MY-03 (đều là việc của TV1: GET /me/agenda, giữ chỗ 12 giờ, .ics feed) ra khỏi M3 để TV1 dồn sức vào waitlist; MK-RSVP-01 chỉ là việc web nên giữ lại. L6 còn trống khoảng 7 SP để nhận phần dời từ L5. Không dùng nhóm C để bù (chỉ dùng khi buộc giữ ngày 18/03/2027, 08:1558). Mốc M3 vẫn là 11/12/2026.
A9: M4 | B9: Trust & Safety tối thiểu | C9: 25/12/2026 | D9: L7 | E9: =COUNTA('M4'!$C$6:$C$400) -> 40 | F9: =COUNTIF('M4'!$I$6:$I$400,"Xong") -> 5 | G9: =COUNTIF('M4'!$I$6:$I$400,"Một phần") -> 9 | H9: =COUNTIF('M4'!$I$6:$I$400,"Chưa làm") -> 21 | I9: =COUNTIF('M4'!$I$6:$I$400,"Bị chặn") -> 0 | J9: =COUNTIF('M4'!$I$6:$I$400,"Cần chốt") -> 2 | K9: =COUNTIF('M4'!$I$6:$I$400,"Chưa xác nhận") -> 0 | L9: =COUNTIF('M4'!$I$6:$I$400,"Cắt / hoãn") -> 3 | M9: =IFERROR(F9/(E9-L9),0) -> 0.13513514 | N9: L7 — 14/12 – 25/12/2026: Trust & Safety: report, block, xử lý kiểm duyệt, trust level T0–T3 tự động | O9: M4-8 và M4-9 là điều kiện chặn cứng để mở beta — không có chính sách đã thẩm định thì không được thu thập dữ liệu của 100 người thật. Nếu luật sư chưa xác nhận kịp, lùi ngày mời beta wave 1 chứ không mở beta bằng bản thảo chưa thẩm định. Tinh gọn: beta kín còn 60 người, mở ở L10 (15/02/2027); M4-8 và M4-9 vẫn là điều kiện chặn cứng, luật sư xác nhận trễ thì lùi mời beta wave 1 và M5 (26/02/2027) trượt theo. Story M4 trượt khỏi L7 thì không có chỗ đệm: sau 25/12 là tuần đóng băng 28/12 – 01/01, rồi L8 đã kín 28 SP cho Admin Curation Console (NT-1, không cắt).
A10: M5 | B10: Beta kín 60 user | C10: 26/02/2027 | D10: L8, L9, L10 | E10: =COUNTA('M5'!$C$6:$C$400) -> 64 | F10: =COUNTIF('M5'!$I$6:$I$400,"Xong") -> 1 | G10: =COUNTIF('M5'!$I$6:$I$400,"Một phần") -> 0 | H10: =COUNTIF('M5'!$I$6:$I$400,"Chưa làm") -> 57 | I10: =COUNTIF('M5'!$I$6:$I$400,"Bị chặn") -> 0 | J10: =COUNTIF('M5'!$I$6:$I$400,"Cần chốt") -> 0 | K10: =COUNTIF('M5'!$I$6:$I$400,"Chưa xác nhận") -> 0 | L10: =COUNTIF('M5'!$I$6:$I$400,"Cắt / hoãn") -> 6 | M10: =IFERROR(F10/(E10-L10),0) -> 0.017241379 | N10: L8 — 04/01 – 15/01/2027: Admin Curation Console + luồng chuyển giao organizer (NT-1, không cắt) L9 — 18/01 – 29/01/2027: PWA: manifest, service worker, add-to-home, tối ưu điện thoại; xuất & xoá dữ liệu cá nhân L10 — 15/02 – 26/02/2027: Beta kín 60 user (giảm từ 100 vì không còn kênh cửa hàng ứng dụng), trực hotfix hằng ngày | O10: M5 có 2 tuần đệm tự nhiên (đóng băng cuối năm + S8). Nếu M5-7 trượt vì Play closed testing bắt đầu muộn thì đây là rủi ro chặn M6 — xem §8.3. Tinh gọn: Không còn 2 tuần đệm, và M5-7 đã hoãn cùng E12. Đóng băng Tết 01–12/02/2027 nằm giữa L9 và L10 nên E8-S7, PWA và thư xác nhận Privacy Policy của luật sư (M4-9) phải xong trong L9. M5 trượt thì M6 01/04/2027 trượt theo, vì L11 bắt đầu ngay 01/03/2027.
A11: M6 | B11: Ra mắt công khai | C11: 01/04/2027 | D11: L11, L12 | E11: =COUNTA('M6'!$C$6:$C$400) -> 54 | F11: =COUNTIF('M6'!$I$6:$I$400,"Xong") -> 0 | G11: =COUNTIF('M6'!$I$6:$I$400,"Một phần") -> 0 | H11: =COUNTIF('M6'!$I$6:$I$400,"Chưa làm") -> 36 | I11: =COUNTIF('M6'!$I$6:$I$400,"Bị chặn") -> 0 | J11: =COUNTIF('M6'!$I$6:$I$400,"Cần chốt") -> 0 | K11: =COUNTIF('M6'!$I$6:$I$400,"Chưa xác nhận") -> 0 | L11: =COUNTIF('M6'!$I$6:$I$400,"Cắt / hoãn") -> 18 | M11: =IFERROR(F11/(E11-L11),0) -> 0 | N11: L11 — 01/03 – 12/03/2027: Sửa lỗi beta P0/P1, nạp bản dịch tiếng Việt thuê ngoài, bịt hai chỗ rớt phễu lớn nhất L12 — 15/03 – 26/03/2027: SEO, diễn tập runbook, release candidate, đẩy curate lên 25 sự kiện/tuần | O11: không ra mắt công khai đúng hạn. Lùi ra mắt 2–4 tuần và dồn toàn bộ nguồn lực vào curate + chuyển giao organizer. Ra mắt với một ứng dụng trông đầy nhưng không có dòng chảy là kịch bản hỏng tệ nhất: người dùng mở lần đầu, không thấy gì đáng đi, và không quay lại — không có lần ra mắt thứ hai với cùng một người. Tinh gọn: Không có đệm tiền để lùi lâu (08:1540: sai thì phải gọi vốn hoặc dừng) và ngưỡng dòng chảy không được làm mềm (08:1688), nên trượt gate nghĩa là giả thuyết sai chứ không phải do thiếu tính năng. L11–L12 chỉ xếp 18 SP story trên sức chứa 51; phần dư là đệm sửa lỗi beta, không dùng để thêm tính năng.
A12: Tổng | E12: =SUM(E5:E11) -> 354 | F12: =SUM(F5:F11) -> 26 | G12: =SUM(G5:G11) -> 38 | H12: =SUM(H5:H11) -> 218 | I12: =SUM(I5:I11) -> 2 | J12: =SUM(J5:J11) -> 15 | K12: =SUM(K5:K11) -> 8 | L12: =SUM(L5:L11) -> 47 | M12: =IFERROR(F12/(E12-L12),0) -> 0.084690554

Sheet Phân công
A1: Phân công 60-20-20 theo chức năng (QĐ-78, 23/09/2026)
A2: Tự tính lại từ cột Phụ trách, SP và Trạng thái của các sheet M0–M6. Người đứng tên đầu ở cột Phụ trách nhận SP. SP còn lại = mục chưa Xong và không Cắt / hoãn (mục Một phần tính đủ SP). Việc của Founder và Thuê ngoài không tính.
A4: Thành viên | B4: Chức năng sở hữu | C4: SP còn lại | D4: Tỉ lệ còn lại | E4: Mục tiêu | F4: SP trong phạm vi (gồm đã xong) | G4: Mục đứng đầu
A5: TV1 (dùng AI) | B5: Nền tảng và Tech Lead · Phân quyền RBAC và trust · Sự kiện · Khám phá · RSVP và waitlist · Thông báo · Đo lường sản phẩm | C5: =SUMIFS(M0!$G$6:$G$400,M0!$F$6:$F$400,"TV1*",M0!$I$6:$I$400,"<>Cắt / hoãn",M0!$I$6:$I$400,"<>Xong")+SUMIFS('M1'!$G$6:$G$400,'M1'!$F$6:$F$400,"TV1*",'M1'!$I$6:$I$400,"<>Cắt / hoãn",'M1'!$I$6:$I$400,"<>Xong")+SUMIFS('M2'!$G$6:$G$400,'M2'!$F$6:$F$400,"TV1*",'M2'!$I$6:$I$400,"<>Cắt / hoãn",'M2'!$I$6:$I$400,"<>Xong")+SUMIFS('M3'!$G$6:$G$400,'M3'!$F$6:$F$400,"TV1*",'M3'!$I$6:$I$400,"<>Cắt / hoãn",'M3'!$I$6:$I$400,"<>Xong")+SUMIFS('M4'!$G$6:$G$400,'M4'!$F$6:$F$400,"TV1*",'M4'!$I$6:$I$400,"<>Cắt / hoãn",'M4'!$I$6:$I$400,"<>Xong")+SUMIFS('M5'!$G$6:$G$400,'M5'!$F$6:$F$400,"TV1*",'M5'!$I$6:$I$400,"<>Cắt / hoãn",'M5'!$I$6:$I$400,"<>Xong")+SUMIFS('M6'!$G$6:$G$400,'M6'!$F$6:$F$400,"TV1*",'M6'!$I$6:$I$400,"<>Cắt / hoãn",'M6'!$I$6:$I$400,"<>Xong") -> 188 | D5: =IFERROR(C5/C$8,0) -> 0.5875 | E5: 0.6 | F5: =SUMIFS(M0!$G$6:$G$400,M0!$F$6:$F$400,"TV1*",M0!$I$6:$I$400,"<>Cắt / hoãn")+SUMIFS('M1'!$G$6:$G$400,'M1'!$F$6:$F$400,"TV1*",'M1'!$I$6:$I$400,"<>Cắt / hoãn")+SUMIFS('M2'!$G$6:$G$400,'M2'!$F$6:$F$400,"TV1*",'M2'!$I$6:$I$400,"<>Cắt / hoãn")+SUMIFS('M3'!$G$6:$G$400,'M3'!$F$6:$F$400,"TV1*",'M3'!$I$6:$I$400,"<>Cắt / hoãn")+SUMIFS('M4'!$G$6:$G$400,'M4'!$F$6:$F$400,"TV1*",'M4'!$I$6:$I$400,"<>Cắt / hoãn")+SUMIFS('M5'!$G$6:$G$400,'M5'!$F$6:$F$400,"TV1*",'M5'!$I$6:$I$400,"<>Cắt / hoãn")+SUMIFS('M6'!$G$6:$G$400,'M6'!$F$6:$F$400,"TV1*",'M6'!$I$6:$I$400,"<>Cắt / hoãn") -> 213 | G5: =COUNTIFS(M0!$F$6:$F$400,"TV1*",M0!$I$6:$I$400,"<>Cắt / hoãn")+COUNTIFS('M1'!$F$6:$F$400,"TV1*",'M1'!$I$6:$I$400,"<>Cắt / hoãn")+COUNTIFS('M2'!$F$6:$F$400,"TV1*",'M2'!$I$6:$I$400,"<>Cắt / hoãn")+COUNTIFS('M3'!$F$6:$F$400,"TV1*",'M3'!$I$6:$I$400,"<>Cắt / hoãn")+COUNTIFS('M4'!$F$6:$F$400,"TV1*",'M4'!$I$6:$I$400,"<>Cắt / hoãn")+COUNTIFS('M5'!$F$6:$F$400,"TV1*",'M5'!$I$6:$I$400,"<>Cắt / hoãn")+COUNTIFS('M6'!$F$6:$F$400,"TV1*",'M6'!$I$6:$I$400,"<>Cắt / hoãn") -> 161
A6: TV2 | B6: Tài khoản và phiên · Hồ sơ, onboarding, ảnh/CDN, OTP · Ngôn ngữ và i18n, tuỳ chọn thông báo, xuất/xoá dữ liệu · PWA và SEO toàn site | C6: =SUMIFS(M0!$G$6:$G$400,M0!$F$6:$F$400,"TV2*",M0!$I$6:$I$400,"<>Cắt / hoãn",M0!$I$6:$I$400,"<>Xong")+SUMIFS('M1'!$G$6:$G$400,'M1'!$F$6:$F$400,"TV2*",'M1'!$I$6:$I$400,"<>Cắt / hoãn",'M1'!$I$6:$I$400,"<>Xong")+SUMIFS('M2'!$G$6:$G$400,'M2'!$F$6:$F$400,"TV2*",'M2'!$I$6:$I$400,"<>Cắt / hoãn",'M2'!$I$6:$I$400,"<>Xong")+SUMIFS('M3'!$G$6:$G$400,'M3'!$F$6:$F$400,"TV2*",'M3'!$I$6:$I$400,"<>Cắt / hoãn",'M3'!$I$6:$I$400,"<>Xong")+SUMIFS('M4'!$G$6:$G$400,'M4'!$F$6:$F$400,"TV2*",'M4'!$I$6:$I$400,"<>Cắt / hoãn",'M4'!$I$6:$I$400,"<>Xong")+SUMIFS('M5'!$G$6:$G$400,'M5'!$F$6:$F$400,"TV2*",'M5'!$I$6:$I$400,"<>Cắt / hoãn",'M5'!$I$6:$I$400,"<>Xong")+SUMIFS('M6'!$G$6:$G$400,'M6'!$F$6:$F$400,"TV2*",'M6'!$I$6:$I$400,"<>Cắt / hoãn",'M6'!$I$6:$I$400,"<>Xong") -> 67 | D6: =IFERROR(C6/C$8,0) -> 0.209375 | E6: 0.2 | F6: =SUMIFS(M0!$G$6:$G$400,M0!$F$6:$F$400,"TV2*",M0!$I$6:$I$400,"<>Cắt / hoãn")+SUMIFS('M1'!$G$6:$G$400,'M1'!$F$6:$F$400,"TV2*",'M1'!$I$6:$I$400,"<>Cắt / hoãn")+SUMIFS('M2'!$G$6:$G$400,'M2'!$F$6:$F$400,"TV2*",'M2'!$I$6:$I$400,"<>Cắt / hoãn")+SUMIFS('M3'!$G$6:$G$400,'M3'!$F$6:$F$400,"TV2*",'M3'!$I$6:$I$400,"<>Cắt / hoãn")+SUMIFS('M4'!$G$6:$G$400,'M4'!$F$6:$F$400,"TV2*",'M4'!$I$6:$I$400,"<>Cắt / hoãn")+SUMIFS('M5'!$G$6:$G$400,'M5'!$F$6:$F$400,"TV2*",'M5'!$I$6:$I$400,"<>Cắt / hoãn")+SUMIFS('M6'!$G$6:$G$400,'M6'!$F$6:$F$400,"TV2*",'M6'!$I$6:$I$400,"<>Cắt / hoãn") -> 78 | G6: =COUNTIFS(M0!$F$6:$F$400,"TV2*",M0!$I$6:$I$400,"<>Cắt / hoãn")+COUNTIFS('M1'!$F$6:$F$400,"TV2*",'M1'!$I$6:$I$400,"<>Cắt / hoãn")+COUNTIFS('M2'!$F$6:$F$400,"TV2*",'M2'!$I$6:$I$400,"<>Cắt / hoãn")+COUNTIFS('M3'!$F$6:$F$400,"TV2*",'M3'!$I$6:$I$400,"<>Cắt / hoãn")+COUNTIFS('M4'!$F$6:$F$400,"TV2*",'M4'!$I$6:$I$400,"<>Cắt / hoãn")+COUNTIFS('M5'!$F$6:$F$400,"TV2*",'M5'!$I$6:$I$400,"<>Cắt / hoãn")+COUNTIFS('M6'!$F$6:$F$400,"TV2*",'M6'!$I$6:$I$400,"<>Cắt / hoãn") -> 46
A7: TV3 | B7: Khu vực · Kiểm duyệt và chống spam · Admin Console, curate và nhận quyền · Tin tức do đội vận hành đăng · Phễu phân tích | C7: =SUMIFS(M0!$G$6:$G$400,M0!$F$6:$F$400,"TV3*",M0!$I$6:$I$400,"<>Cắt / hoãn",M0!$I$6:$I$400,"<>Xong")+SUMIFS('M1'!$G$6:$G$400,'M1'!$F$6:$F$400,"TV3*",'M1'!$I$6:$I$400,"<>Cắt / hoãn",'M1'!$I$6:$I$400,"<>Xong")+SUMIFS('M2'!$G$6:$G$400,'M2'!$F$6:$F$400,"TV3*",'M2'!$I$6:$I$400,"<>Cắt / hoãn",'M2'!$I$6:$I$400,"<>Xong")+SUMIFS('M3'!$G$6:$G$400,'M3'!$F$6:$F$400,"TV3*",'M3'!$I$6:$I$400,"<>Cắt / hoãn",'M3'!$I$6:$I$400,"<>Xong")+SUMIFS('M4'!$G$6:$G$400,'M4'!$F$6:$F$400,"TV3*",'M4'!$I$6:$I$400,"<>Cắt / hoãn",'M4'!$I$6:$I$400,"<>Xong")+SUMIFS('M5'!$G$6:$G$400,'M5'!$F$6:$F$400,"TV3*",'M5'!$I$6:$I$400,"<>Cắt / hoãn",'M5'!$I$6:$I$400,"<>Xong")+SUMIFS('M6'!$G$6:$G$400,'M6'!$F$6:$F$400,"TV3*",'M6'!$I$6:$I$400,"<>Cắt / hoãn",'M6'!$I$6:$I$400,"<>Xong") -> 65 | D7: =IFERROR(C7/C$8,0) -> 0.203125 | E7: 0.2 | F7: =SUMIFS(M0!$G$6:$G$400,M0!$F$6:$F$400,"TV3*",M0!$I$6:$I$400,"<>Cắt / hoãn")+SUMIFS('M1'!$G$6:$G$400,'M1'!$F$6:$F$400,"TV3*",'M1'!$I$6:$I$400,"<>Cắt / hoãn")+SUMIFS('M2'!$G$6:$G$400,'M2'!$F$6:$F$400,"TV3*",'M2'!$I$6:$I$400,"<>Cắt / hoãn")+SUMIFS('M3'!$G$6:$G$400,'M3'!$F$6:$F$400,"TV3*",'M3'!$I$6:$I$400,"<>Cắt / hoãn")+SUMIFS('M4'!$G$6:$G$400,'M4'!$F$6:$F$400,"TV3*",'M4'!$I$6:$I$400,"<>Cắt / hoãn")+SUMIFS('M5'!$G$6:$G$400,'M5'!$F$6:$F$400,"TV3*",'M5'!$I$6:$I$400,"<>Cắt / hoãn")+SUMIFS('M6'!$G$6:$G$400,'M6'!$F$6:$F$400,"TV3*",'M6'!$I$6:$I$400,"<>Cắt / hoãn") -> 65 | G7: =COUNTIFS(M0!$F$6:$F$400,"TV3*",M0!$I$6:$I$400,"<>Cắt / hoãn")+COUNTIFS('M1'!$F$6:$F$400,"TV3*",'M1'!$I$6:$I$400,"<>Cắt / hoãn")+COUNTIFS('M2'!$F$6:$F$400,"TV3*",'M2'!$I$6:$I$400,"<>Cắt / hoãn")+COUNTIFS('M3'!$F$6:$F$400,"TV3*",'M3'!$I$6:$I$400,"<>Cắt / hoãn")+COUNTIFS('M4'!$F$6:$F$400,"TV3*",'M4'!$I$6:$I$400,"<>Cắt / hoãn")+COUNTIFS('M5'!$F$6:$F$400,"TV3*",'M5'!$I$6:$I$400,"<>Cắt / hoãn")+COUNTIFS('M6'!$F$6:$F$400,"TV3*",'M6'!$I$6:$I$400,"<>Cắt / hoãn") -> 31
A8: Tổng | C8: =SUM(C5:C7) -> 320 | D8: =SUM(D5:D7) -> 1 | E8: =SUM(E5:E7) -> 1 | F8: =SUM(F5:F7) -> 356 | G8: =SUM(G5:G7) -> 238
A10: SP còn lại theo sprint (theo cột Sprint hiện tại, chưa dời lịch)
A11: Sprint | B11: TV1 | C11: TV2 | D11: TV3 | E11: Tổng
A12: L0 | B12: =SUMIFS(M0!$G$6:$G$400,M0!$F$6:$F$400,"TV1*",M0!$I$6:$I$400,"<>Cắt / hoãn",M0!$I$6:$I$400,"<>Xong") -> 14 | C12: =SUMIFS(M0!$G$6:$G$400,M0!$F$6:$F$400,"TV2*",M0!$I$6:$I$400,"<>Cắt / hoãn",M0!$I$6:$I$400,"<>Xong") -> 0 | D12: =SUMIFS(M0!$G$6:$G$400,M0!$F$6:$F$400,"TV3*",M0!$I$6:$I$400,"<>Cắt / hoãn",M0!$I$6:$I$400,"<>Xong") -> 0 | E12: =SUM(B12:D12) -> 14
A13: L1 | B13: =SUMIFS('M1'!$G$6:$G$400,'M1'!$F$6:$F$400,"TV1*",'M1'!$I$6:$I$400,"<>Cắt / hoãn",'M1'!$I$6:$I$400,"<>Xong") -> 3 | C13: =SUMIFS('M1'!$G$6:$G$400,'M1'!$F$6:$F$400,"TV2*",'M1'!$I$6:$I$400,"<>Cắt / hoãn",'M1'!$I$6:$I$400,"<>Xong") -> 24 | D13: =SUMIFS('M1'!$G$6:$G$400,'M1'!$F$6:$F$400,"TV3*",'M1'!$I$6:$I$400,"<>Cắt / hoãn",'M1'!$I$6:$I$400,"<>Xong") -> 0 | E13: =SUM(B13:D13) -> 27
A14: L2 | B14: =SUMIFS('M2'!$G$6:$G$400,'M2'!$F$6:$F$400,"TV1*",'M2'!$I$6:$I$400,"<>Cắt / hoãn",'M2'!$I$6:$I$400,"<>Xong",'M2'!$E$6:$E$400,"L2")+SUMIFS('M3'!$G$6:$G$400,'M3'!$F$6:$F$400,"TV1*",'M3'!$I$6:$I$400,"<>Cắt / hoãn",'M3'!$I$6:$I$400,"<>Xong",'M3'!$E$6:$E$400,"L2")+SUMIFS('M4'!$G$6:$G$400,'M4'!$F$6:$F$400,"TV1*",'M4'!$I$6:$I$400,"<>Cắt / hoãn",'M4'!$I$6:$I$400,"<>Xong",'M4'!$E$6:$E$400,"L2")+SUMIFS('M5'!$G$6:$G$400,'M5'!$F$6:$F$400,"TV1*",'M5'!$I$6:$I$400,"<>Cắt / hoãn",'M5'!$I$6:$I$400,"<>Xong",'M5'!$E$6:$E$400,"L2")+SUMIFS('M6'!$G$6:$G$400,'M6'!$F$6:$F$400,"TV1*",'M6'!$I$6:$I$400,"<>Cắt / hoãn",'M6'!$I$6:$I$400,"<>Xong",'M6'!$E$6:$E$400,"L2") -> 13 | C14: =SUMIFS('M2'!$G$6:$G$400,'M2'!$F$6:$F$400,"TV2*",'M2'!$I$6:$I$400,"<>Cắt / hoãn",'M2'!$I$6:$I$400,"<>Xong",'M2'!$E$6:$E$400,"L2")+SUMIFS('M3'!$G$6:$G$400,'M3'!$F$6:$F$400,"TV2*",'M3'!$I$6:$I$400,"<>Cắt / hoãn",'M3'!$I$6:$I$400,"<>Xong",'M3'!$E$6:$E$400,"L2")+SUMIFS('M4'!$G$6:$G$400,'M4'!$F$6:$F$400,"TV2*",'M4'!$I$6:$I$400,"<>Cắt / hoãn",'M4'!$I$6:$I$400,"<>Xong",'M4'!$E$6:$E$400,"L2")+SUMIFS('M5'!$G$6:$G$400,'M5'!$F$6:$F$400,"TV2*",'M5'!$I$6:$I$400,"<>Cắt / hoãn",'M5'!$I$6:$I$400,"<>Xong",'M5'!$E$6:$E$400,"L2")+SUMIFS('M6'!$G$6:$G$400,'M6'!$F$6:$F$400,"TV2*",'M6'!$I$6:$I$400,"<>Cắt / hoãn",'M6'!$I$6:$I$400,"<>Xong",'M6'!$E$6:$E$400,"L2") -> 16 | D14: =SUMIFS('M2'!$G$6:$G$400,'M2'!$F$6:$F$400,"TV3*",'M2'!$I$6:$I$400,"<>Cắt / hoãn",'M2'!$I$6:$I$400,"<>Xong",'M2'!$E$6:$E$400,"L2")+SUMIFS('M3'!$G$6:$G$400,'M3'!$F$6:$F$400,"TV3*",'M3'!$I$6:$I$400,"<>Cắt / hoãn",'M3'!$I$6:$I$400,"<>Xong",'M3'!$E$6:$E$400,"L2")+SUMIFS('M4'!$G$6:$G$400,'M4'!$F$6:$F$400,"TV3*",'M4'!$I$6:$I$400,"<>Cắt / hoãn",'M4'!$I$6:$I$400,"<>Xong",'M4'!$E$6:$E$400,"L2")+SUMIFS('M5'!$G$6:$G$400,'M5'!$F$6:$F$400,"TV3*",'M5'!$I$6:$I$400,"<>Cắt / hoãn",'M5'!$I$6:$I$400,"<>Xong",'M5'!$E$6:$E$400,"L2")+SUMIFS('M6'!$G$6:$G$400,'M6'!$F$6:$F$400,"TV3*",'M6'!$I$6:$I$400,"<>Cắt / hoãn",'M6'!$I$6:$I$400,"<>Xong",'M6'!$E$6:$E$400,"L2") -> 5 | E14: =SUM(B14:D14) -> 34
A15: L3 | B15: =SUMIFS('M2'!$G$6:$G$400,'M2'!$F$6:$F$400,"TV1*",'M2'!$I$6:$I$400,"<>Cắt / hoãn",'M2'!$I$6:$I$400,"<>Xong",'M2'!$E$6:$E$400,"L3")+SUMIFS('M3'!$G$6:$G$400,'M3'!$F$6:$F$400,"TV1*",'M3'!$I$6:$I$400,"<>Cắt / hoãn",'M3'!$I$6:$I$400,"<>Xong",'M3'!$E$6:$E$400,"L3")+SUMIFS('M4'!$G$6:$G$400,'M4'!$F$6:$F$400,"TV1*",'M4'!$I$6:$I$400,"<>Cắt / hoãn",'M4'!$I$6:$I$400,"<>Xong",'M4'!$E$6:$E$400,"L3")+SUMIFS('M5'!$G$6:$G$400,'M5'!$F$6:$F$400,"TV1*",'M5'!$I$6:$I$400,"<>Cắt / hoãn",'M5'!$I$6:$I$400,"<>Xong",'M5'!$E$6:$E$400,"L3")+SUMIFS('M6'!$G$6:$G$400,'M6'!$F$6:$F$400,"TV1*",'M6'!$I$6:$I$400,"<>Cắt / hoãn",'M6'!$I$6:$I$400,"<>Xong",'M6'!$E$6:$E$400,"L3") -> 29 | C15: =SUMIFS('M2'!$G$6:$G$400,'M2'!$F$6:$F$400,"TV2*",'M2'!$I$6:$I$400,"<>Cắt / hoãn",'M2'!$I$6:$I$400,"<>Xong",'M2'!$E$6:$E$400,"L3")+SUMIFS('M3'!$G$6:$G$400,'M3'!$F$6:$F$400,"TV2*",'M3'!$I$6:$I$400,"<>Cắt / hoãn",'M3'!$I$6:$I$400,"<>Xong",'M3'!$E$6:$E$400,"L3")+SUMIFS('M4'!$G$6:$G$400,'M4'!$F$6:$F$400,"TV2*",'M4'!$I$6:$I$400,"<>Cắt / hoãn",'M4'!$I$6:$I$400,"<>Xong",'M4'!$E$6:$E$400,"L3")+SUMIFS('M5'!$G$6:$G$400,'M5'!$F$6:$F$400,"TV2*",'M5'!$I$6:$I$400,"<>Cắt / hoãn",'M5'!$I$6:$I$400,"<>Xong",'M5'!$E$6:$E$400,"L3")+SUMIFS('M6'!$G$6:$G$400,'M6'!$F$6:$F$400,"TV2*",'M6'!$I$6:$I$400,"<>Cắt / hoãn",'M6'!$I$6:$I$400,"<>Xong",'M6'!$E$6:$E$400,"L3") -> 0 | D15: =SUMIFS('M2'!$G$6:$G$400,'M2'!$F$6:$F$400,"TV3*",'M2'!$I$6:$I$400,"<>Cắt / hoãn",'M2'!$I$6:$I$400,"<>Xong",'M2'!$E$6:$E$400,"L3")+SUMIFS('M3'!$G$6:$G$400,'M3'!$F$6:$F$400,"TV3*",'M3'!$I$6:$I$400,"<>Cắt / hoãn",'M3'!$I$6:$I$400,"<>Xong",'M3'!$E$6:$E$400,"L3")+SUMIFS('M4'!$G$6:$G$400,'M4'!$F$6:$F$400,"TV3*",'M4'!$I$6:$I$400,"<>Cắt / hoãn",'M4'!$I$6:$I$400,"<>Xong",'M4'!$E$6:$E$400,"L3")+SUMIFS('M5'!$G$6:$G$400,'M5'!$F$6:$F$400,"TV3*",'M5'!$I$6:$I$400,"<>Cắt / hoãn",'M5'!$I$6:$I$400,"<>Xong",'M5'!$E$6:$E$400,"L3")+SUMIFS('M6'!$G$6:$G$400,'M6'!$F$6:$F$400,"TV3*",'M6'!$I$6:$I$400,"<>Cắt / hoãn",'M6'!$I$6:$I$400,"<>Xong",'M6'!$E$6:$E$400,"L3") -> 0 | E15: =SUM(B15:D15) -> 29
A16: L4 | B16: =SUMIFS('M2'!$G$6:$G$400,'M2'!$F$6:$F$400,"TV1*",'M2'!$I$6:$I$400,"<>Cắt / hoãn",'M2'!$I$6:$I$400,"<>Xong",'M2'!$E$6:$E$400,"L4")+SUMIFS('M3'!$G$6:$G$400,'M3'!$F$6:$F$400,"TV1*",'M3'!$I$6:$I$400,"<>Cắt / hoãn",'M3'!$I$6:$I$400,"<>Xong",'M3'!$E$6:$E$400,"L4")+SUMIFS('M4'!$G$6:$G$400,'M4'!$F$6:$F$400,"TV1*",'M4'!$I$6:$I$400,"<>Cắt / hoãn",'M4'!$I$6:$I$400,"<>Xong",'M4'!$E$6:$E$400,"L4")+SUMIFS('M5'!$G$6:$G$400,'M5'!$F$6:$F$400,"TV1*",'M5'!$I$6:$I$400,"<>Cắt / hoãn",'M5'!$I$6:$I$400,"<>Xong",'M5'!$E$6:$E$400,"L4")+SUMIFS('M6'!$G$6:$G$400,'M6'!$F$6:$F$400,"TV1*",'M6'!$I$6:$I$400,"<>Cắt / hoãn",'M6'!$I$6:$I$400,"<>Xong",'M6'!$E$6:$E$400,"L4") -> 35 | C16: =SUMIFS('M2'!$G$6:$G$400,'M2'!$F$6:$F$400,"TV2*",'M2'!$I$6:$I$400,"<>Cắt / hoãn",'M2'!$I$6:$I$400,"<>Xong",'M2'!$E$6:$E$400,"L4")+SUMIFS('M3'!$G$6:$G$400,'M3'!$F$6:$F$400,"TV2*",'M3'!$I$6:$I$400,"<>Cắt / hoãn",'M3'!$I$6:$I$400,"<>Xong",'M3'!$E$6:$E$400,"L4")+SUMIFS('M4'!$G$6:$G$400,'M4'!$F$6:$F$400,"TV2*",'M4'!$I$6:$I$400,"<>Cắt / hoãn",'M4'!$I$6:$I$400,"<>Xong",'M4'!$E$6:$E$400,"L4")+SUMIFS('M5'!$G$6:$G$400,'M5'!$F$6:$F$400,"TV2*",'M5'!$I$6:$I$400,"<>Cắt / hoãn",'M5'!$I$6:$I$400,"<>Xong",'M5'!$E$6:$E$400,"L4")+SUMIFS('M6'!$G$6:$G$400,'M6'!$F$6:$F$400,"TV2*",'M6'!$I$6:$I$400,"<>Cắt / hoãn",'M6'!$I$6:$I$400,"<>Xong",'M6'!$E$6:$E$400,"L4") -> 0 | D16: =SUMIFS('M2'!$G$6:$G$400,'M2'!$F$6:$F$400,"TV3*",'M2'!$I$6:$I$400,"<>Cắt / hoãn",'M2'!$I$6:$I$400,"<>Xong",'M2'!$E$6:$E$400,"L4")+SUMIFS('M3'!$G$6:$G$400,'M3'!$F$6:$F$400,"TV3*",'M3'!$I$6:$I$400,"<>Cắt / hoãn",'M3'!$I$6:$I$400,"<>Xong",'M3'!$E$6:$E$400,"L4")+SUMIFS('M4'!$G$6:$G$400,'M4'!$F$6:$F$400,"TV3*",'M4'!$I$6:$I$400,"<>Cắt / hoãn",'M4'!$I$6:$I$400,"<>Xong",'M4'!$E$6:$E$400,"L4")+SUMIFS('M5'!$G$6:$G$400,'M5'!$F$6:$F$400,"TV3*",'M5'!$I$6:$I$400,"<>Cắt / hoãn",'M5'!$I$6:$I$400,"<>Xong",'M5'!$E$6:$E$400,"L4")+SUMIFS('M6'!$G$6:$G$400,'M6'!$F$6:$F$400,"TV3*",'M6'!$I$6:$I$400,"<>Cắt / hoãn",'M6'!$I$6:$I$400,"<>Xong",'M6'!$E$6:$E$400,"L4") -> 0 | E16: =SUM(B16:D16) -> 35
A17: L5 | B17: =SUMIFS('M2'!$G$6:$G$400,'M2'!$F$6:$F$400,"TV1*",'M2'!$I$6:$I$400,"<>Cắt / hoãn",'M2'!$I$6:$I$400,"<>Xong",'M2'!$E$6:$E$400,"L5")+SUMIFS('M3'!$G$6:$G$400,'M3'!$F$6:$F$400,"TV1*",'M3'!$I$6:$I$400,"<>Cắt / hoãn",'M3'!$I$6:$I$400,"<>Xong",'M3'!$E$6:$E$400,"L5")+SUMIFS('M4'!$G$6:$G$400,'M4'!$F$6:$F$400,"TV1*",'M4'!$I$6:$I$400,"<>Cắt / hoãn",'M4'!$I$6:$I$400,"<>Xong",'M4'!$E$6:$E$400,"L5")+SUMIFS('M5'!$G$6:$G$400,'M5'!$F$6:$F$400,"TV1*",'M5'!$I$6:$I$400,"<>Cắt / hoãn",'M5'!$I$6:$I$400,"<>Xong",'M5'!$E$6:$E$400,"L5")+SUMIFS('M6'!$G$6:$G$400,'M6'!$F$6:$F$400,"TV1*",'M6'!$I$6:$I$400,"<>Cắt / hoãn",'M6'!$I$6:$I$400,"<>Xong",'M6'!$E$6:$E$400,"L5") -> 31 | C17: =SUMIFS('M2'!$G$6:$G$400,'M2'!$F$6:$F$400,"TV2*",'M2'!$I$6:$I$400,"<>Cắt / hoãn",'M2'!$I$6:$I$400,"<>Xong",'M2'!$E$6:$E$400,"L5")+SUMIFS('M3'!$G$6:$G$400,'M3'!$F$6:$F$400,"TV2*",'M3'!$I$6:$I$400,"<>Cắt / hoãn",'M3'!$I$6:$I$400,"<>Xong",'M3'!$E$6:$E$400,"L5")+SUMIFS('M4'!$G$6:$G$400,'M4'!$F$6:$F$400,"TV2*",'M4'!$I$6:$I$400,"<>Cắt / hoãn",'M4'!$I$6:$I$400,"<>Xong",'M4'!$E$6:$E$400,"L5")+SUMIFS('M5'!$G$6:$G$400,'M5'!$F$6:$F$400,"TV2*",'M5'!$I$6:$I$400,"<>Cắt / hoãn",'M5'!$I$6:$I$400,"<>Xong",'M5'!$E$6:$E$400,"L5")+SUMIFS('M6'!$G$6:$G$400,'M6'!$F$6:$F$400,"TV2*",'M6'!$I$6:$I$400,"<>Cắt / hoãn",'M6'!$I$6:$I$400,"<>Xong",'M6'!$E$6:$E$400,"L5") -> 0 | D17: =SUMIFS('M2'!$G$6:$G$400,'M2'!$F$6:$F$400,"TV3*",'M2'!$I$6:$I$400,"<>Cắt / hoãn",'M2'!$I$6:$I$400,"<>Xong",'M2'!$E$6:$E$400,"L5")+SUMIFS('M3'!$G$6:$G$400,'M3'!$F$6:$F$400,"TV3*",'M3'!$I$6:$I$400,"<>Cắt / hoãn",'M3'!$I$6:$I$400,"<>Xong",'M3'!$E$6:$E$400,"L5")+SUMIFS('M4'!$G$6:$G$400,'M4'!$F$6:$F$400,"TV3*",'M4'!$I$6:$I$400,"<>Cắt / hoãn",'M4'!$I$6:$I$400,"<>Xong",'M4'!$E$6:$E$400,"L5")+SUMIFS('M5'!$G$6:$G$400,'M5'!$F$6:$F$400,"TV3*",'M5'!$I$6:$I$400,"<>Cắt / hoãn",'M5'!$I$6:$I$400,"<>Xong",'M5'!$E$6:$E$400,"L5")+SUMIFS('M6'!$G$6:$G$400,'M6'!$F$6:$F$400,"TV3*",'M6'!$I$6:$I$400,"<>Cắt / hoãn",'M6'!$I$6:$I$400,"<>Xong",'M6'!$E$6:$E$400,"L5") -> 0 | E17: =SUM(B17:D17) -> 31
A18: L6 | B18: =SUMIFS('M2'!$G$6:$G$400,'M2'!$F$6:$F$400,"TV1*",'M2'!$I$6:$I$400,"<>Cắt / hoãn",'M2'!$I$6:$I$400,"<>Xong",'M2'!$E$6:$E$400,"L6")+SUMIFS('M3'!$G$6:$G$400,'M3'!$F$6:$F$400,"TV1*",'M3'!$I$6:$I$400,"<>Cắt / hoãn",'M3'!$I$6:$I$400,"<>Xong",'M3'!$E$6:$E$400,"L6")+SUMIFS('M4'!$G$6:$G$400,'M4'!$F$6:$F$400,"TV1*",'M4'!$I$6:$I$400,"<>Cắt / hoãn",'M4'!$I$6:$I$400,"<>Xong",'M4'!$E$6:$E$400,"L6")+SUMIFS('M5'!$G$6:$G$400,'M5'!$F$6:$F$400,"TV1*",'M5'!$I$6:$I$400,"<>Cắt / hoãn",'M5'!$I$6:$I$400,"<>Xong",'M5'!$E$6:$E$400,"L6")+SUMIFS('M6'!$G$6:$G$400,'M6'!$F$6:$F$400,"TV1*",'M6'!$I$6:$I$400,"<>Cắt / hoãn",'M6'!$I$6:$I$400,"<>Xong",'M6'!$E$6:$E$400,"L6") -> 21 | C18: =SUMIFS('M2'!$G$6:$G$400,'M2'!$F$6:$F$400,"TV2*",'M2'!$I$6:$I$400,"<>Cắt / hoãn",'M2'!$I$6:$I$400,"<>Xong",'M2'!$E$6:$E$400,"L6")+SUMIFS('M3'!$G$6:$G$400,'M3'!$F$6:$F$400,"TV2*",'M3'!$I$6:$I$400,"<>Cắt / hoãn",'M3'!$I$6:$I$400,"<>Xong",'M3'!$E$6:$E$400,"L6")+SUMIFS('M4'!$G$6:$G$400,'M4'!$F$6:$F$400,"TV2*",'M4'!$I$6:$I$400,"<>Cắt / hoãn",'M4'!$I$6:$I$400,"<>Xong",'M4'!$E$6:$E$400,"L6")+SUMIFS('M5'!$G$6:$G$400,'M5'!$F$6:$F$400,"TV2*",'M5'!$I$6:$I$400,"<>Cắt / hoãn",'M5'!$I$6:$I$400,"<>Xong",'M5'!$E$6:$E$400,"L6")+SUMIFS('M6'!$G$6:$G$400,'M6'!$F$6:$F$400,"TV2*",'M6'!$I$6:$I$400,"<>Cắt / hoãn",'M6'!$I$6:$I$400,"<>Xong",'M6'!$E$6:$E$400,"L6") -> 0 | D18: =SUMIFS('M2'!$G$6:$G$400,'M2'!$F$6:$F$400,"TV3*",'M2'!$I$6:$I$400,"<>Cắt / hoãn",'M2'!$I$6:$I$400,"<>Xong",'M2'!$E$6:$E$400,"L6")+SUMIFS('M3'!$G$6:$G$400,'M3'!$F$6:$F$400,"TV3*",'M3'!$I$6:$I$400,"<>Cắt / hoãn",'M3'!$I$6:$I$400,"<>Xong",'M3'!$E$6:$E$400,"L6")+SUMIFS('M4'!$G$6:$G$400,'M4'!$F$6:$F$400,"TV3*",'M4'!$I$6:$I$400,"<>Cắt / hoãn",'M4'!$I$6:$I$400,"<>Xong",'M4'!$E$6:$E$400,"L6")+SUMIFS('M5'!$G$6:$G$400,'M5'!$F$6:$F$400,"TV3*",'M5'!$I$6:$I$400,"<>Cắt / hoãn",'M5'!$I$6:$I$400,"<>Xong",'M5'!$E$6:$E$400,"L6")+SUMIFS('M6'!$G$6:$G$400,'M6'!$F$6:$F$400,"TV3*",'M6'!$I$6:$I$400,"<>Cắt / hoãn",'M6'!$I$6:$I$400,"<>Xong",'M6'!$E$6:$E$400,"L6") -> 0 | E18: =SUM(B18:D18) -> 21
A19: L7 | B19: =SUMIFS('M2'!$G$6:$G$400,'M2'!$F$6:$F$400,"TV1*",'M2'!$I$6:$I$400,"<>Cắt / hoãn",'M2'!$I$6:$I$400,"<>Xong",'M2'!$E$6:$E$400,"L7")+SUMIFS('M3'!$G$6:$G$400,'M3'!$F$6:$F$400,"TV1*",'M3'!$I$6:$I$400,"<>Cắt / hoãn",'M3'!$I$6:$I$400,"<>Xong",'M3'!$E$6:$E$400,"L7")+SUMIFS('M4'!$G$6:$G$400,'M4'!$F$6:$F$400,"TV1*",'M4'!$I$6:$I$400,"<>Cắt / hoãn",'M4'!$I$6:$I$400,"<>Xong",'M4'!$E$6:$E$400,"L7")+SUMIFS('M5'!$G$6:$G$400,'M5'!$F$6:$F$400,"TV1*",'M5'!$I$6:$I$400,"<>Cắt / hoãn",'M5'!$I$6:$I$400,"<>Xong",'M5'!$E$6:$E$400,"L7")+SUMIFS('M6'!$G$6:$G$400,'M6'!$F$6:$F$400,"TV1*",'M6'!$I$6:$I$400,"<>Cắt / hoãn",'M6'!$I$6:$I$400,"<>Xong",'M6'!$E$6:$E$400,"L7") -> 8 | C19: =SUMIFS('M2'!$G$6:$G$400,'M2'!$F$6:$F$400,"TV2*",'M2'!$I$6:$I$400,"<>Cắt / hoãn",'M2'!$I$6:$I$400,"<>Xong",'M2'!$E$6:$E$400,"L7")+SUMIFS('M3'!$G$6:$G$400,'M3'!$F$6:$F$400,"TV2*",'M3'!$I$6:$I$400,"<>Cắt / hoãn",'M3'!$I$6:$I$400,"<>Xong",'M3'!$E$6:$E$400,"L7")+SUMIFS('M4'!$G$6:$G$400,'M4'!$F$6:$F$400,"TV2*",'M4'!$I$6:$I$400,"<>Cắt / hoãn",'M4'!$I$6:$I$400,"<>Xong",'M4'!$E$6:$E$400,"L7")+SUMIFS('M5'!$G$6:$G$400,'M5'!$F$6:$F$400,"TV2*",'M5'!$I$6:$I$400,"<>Cắt / hoãn",'M5'!$I$6:$I$400,"<>Xong",'M5'!$E$6:$E$400,"L7")+SUMIFS('M6'!$G$6:$G$400,'M6'!$F$6:$F$400,"TV2*",'M6'!$I$6:$I$400,"<>Cắt / hoãn",'M6'!$I$6:$I$400,"<>Xong",'M6'!$E$6:$E$400,"L7") -> 0 | D19: =SUMIFS('M2'!$G$6:$G$400,'M2'!$F$6:$F$400,"TV3*",'M2'!$I$6:$I$400,"<>Cắt / hoãn",'M2'!$I$6:$I$400,"<>Xong",'M2'!$E$6:$E$400,"L7")+SUMIFS('M3'!$G$6:$G$400,'M3'!$F$6:$F$400,"TV3*",'M3'!$I$6:$I$400,"<>Cắt / hoãn",'M3'!$I$6:$I$400,"<>Xong",'M3'!$E$6:$E$400,"L7")+SUMIFS('M4'!$G$6:$G$400,'M4'!$F$6:$F$400,"TV3*",'M4'!$I$6:$I$400,"<>Cắt / hoãn",'M4'!$I$6:$I$400,"<>Xong",'M4'!$E$6:$E$400,"L7")+SUMIFS('M5'!$G$6:$G$400,'M5'!$F$6:$F$400,"TV3*",'M5'!$I$6:$I$400,"<>Cắt / hoãn",'M5'!$I$6:$I$400,"<>Xong",'M5'!$E$6:$E$400,"L7")+SUMIFS('M6'!$G$6:$G$400,'M6'!$F$6:$F$400,"TV3*",'M6'!$I$6:$I$400,"<>Cắt / hoãn",'M6'!$I$6:$I$400,"<>Xong",'M6'!$E$6:$E$400,"L7") -> 26 | E19: =SUM(B19:D19) -> 34
A20: L8 | B20: =SUMIFS('M2'!$G$6:$G$400,'M2'!$F$6:$F$400,"TV1*",'M2'!$I$6:$I$400,"<>Cắt / hoãn",'M2'!$I$6:$I$400,"<>Xong",'M2'!$E$6:$E$400,"L8")+SUMIFS('M3'!$G$6:$G$400,'M3'!$F$6:$F$400,"TV1*",'M3'!$I$6:$I$400,"<>Cắt / hoãn",'M3'!$I$6:$I$400,"<>Xong",'M3'!$E$6:$E$400,"L8")+SUMIFS('M4'!$G$6:$G$400,'M4'!$F$6:$F$400,"TV1*",'M4'!$I$6:$I$400,"<>Cắt / hoãn",'M4'!$I$6:$I$400,"<>Xong",'M4'!$E$6:$E$400,"L8")+SUMIFS('M5'!$G$6:$G$400,'M5'!$F$6:$F$400,"TV1*",'M5'!$I$6:$I$400,"<>Cắt / hoãn",'M5'!$I$6:$I$400,"<>Xong",'M5'!$E$6:$E$400,"L8")+SUMIFS('M6'!$G$6:$G$400,'M6'!$F$6:$F$400,"TV1*",'M6'!$I$6:$I$400,"<>Cắt / hoãn",'M6'!$I$6:$I$400,"<>Xong",'M6'!$E$6:$E$400,"L8") -> 2 | C20: =SUMIFS('M2'!$G$6:$G$400,'M2'!$F$6:$F$400,"TV2*",'M2'!$I$6:$I$400,"<>Cắt / hoãn",'M2'!$I$6:$I$400,"<>Xong",'M2'!$E$6:$E$400,"L8")+SUMIFS('M3'!$G$6:$G$400,'M3'!$F$6:$F$400,"TV2*",'M3'!$I$6:$I$400,"<>Cắt / hoãn",'M3'!$I$6:$I$400,"<>Xong",'M3'!$E$6:$E$400,"L8")+SUMIFS('M4'!$G$6:$G$400,'M4'!$F$6:$F$400,"TV2*",'M4'!$I$6:$I$400,"<>Cắt / hoãn",'M4'!$I$6:$I$400,"<>Xong",'M4'!$E$6:$E$400,"L8")+SUMIFS('M5'!$G$6:$G$400,'M5'!$F$6:$F$400,"TV2*",'M5'!$I$6:$I$400,"<>Cắt / hoãn",'M5'!$I$6:$I$400,"<>Xong",'M5'!$E$6:$E$400,"L8")+SUMIFS('M6'!$G$6:$G$400,'M6'!$F$6:$F$400,"TV2*",'M6'!$I$6:$I$400,"<>Cắt / hoãn",'M6'!$I$6:$I$400,"<>Xong",'M6'!$E$6:$E$400,"L8") -> 2 | D20: =SUMIFS('M2'!$G$6:$G$400,'M2'!$F$6:$F$400,"TV3*",'M2'!$I$6:$I$400,"<>Cắt / hoãn",'M2'!$I$6:$I$400,"<>Xong",'M2'!$E$6:$E$400,"L8")+SUMIFS('M3'!$G$6:$G$400,'M3'!$F$6:$F$400,"TV3*",'M3'!$I$6:$I$400,"<>Cắt / hoãn",'M3'!$I$6:$I$400,"<>Xong",'M3'!$E$6:$E$400,"L8")+SUMIFS('M4'!$G$6:$G$400,'M4'!$F$6:$F$400,"TV3*",'M4'!$I$6:$I$400,"<>Cắt / hoãn",'M4'!$I$6:$I$400,"<>Xong",'M4'!$E$6:$E$400,"L8")+SUMIFS('M5'!$G$6:$G$400,'M5'!$F$6:$F$400,"TV3*",'M5'!$I$6:$I$400,"<>Cắt / hoãn",'M5'!$I$6:$I$400,"<>Xong",'M5'!$E$6:$E$400,"L8")+SUMIFS('M6'!$G$6:$G$400,'M6'!$F$6:$F$400,"TV3*",'M6'!$I$6:$I$400,"<>Cắt / hoãn",'M6'!$I$6:$I$400,"<>Xong",'M6'!$E$6:$E$400,"L8") -> 23 | E20: =SUM(B20:D20) -> 27
A21: L9 | B21: =SUMIFS('M2'!$G$6:$G$400,'M2'!$F$6:$F$400,"TV1*",'M2'!$I$6:$I$400,"<>Cắt / hoãn",'M2'!$I$6:$I$400,"<>Xong",'M2'!$E$6:$E$400,"L9")+SUMIFS('M3'!$G$6:$G$400,'M3'!$F$6:$F$400,"TV1*",'M3'!$I$6:$I$400,"<>Cắt / hoãn",'M3'!$I$6:$I$400,"<>Xong",'M3'!$E$6:$E$400,"L9")+SUMIFS('M4'!$G$6:$G$400,'M4'!$F$6:$F$400,"TV1*",'M4'!$I$6:$I$400,"<>Cắt / hoãn",'M4'!$I$6:$I$400,"<>Xong",'M4'!$E$6:$E$400,"L9")+SUMIFS('M5'!$G$6:$G$400,'M5'!$F$6:$F$400,"TV1*",'M5'!$I$6:$I$400,"<>Cắt / hoãn",'M5'!$I$6:$I$400,"<>Xong",'M5'!$E$6:$E$400,"L9")+SUMIFS('M6'!$G$6:$G$400,'M6'!$F$6:$F$400,"TV1*",'M6'!$I$6:$I$400,"<>Cắt / hoãn",'M6'!$I$6:$I$400,"<>Xong",'M6'!$E$6:$E$400,"L9") -> 10 | C21: =SUMIFS('M2'!$G$6:$G$400,'M2'!$F$6:$F$400,"TV2*",'M2'!$I$6:$I$400,"<>Cắt / hoãn",'M2'!$I$6:$I$400,"<>Xong",'M2'!$E$6:$E$400,"L9")+SUMIFS('M3'!$G$6:$G$400,'M3'!$F$6:$F$400,"TV2*",'M3'!$I$6:$I$400,"<>Cắt / hoãn",'M3'!$I$6:$I$400,"<>Xong",'M3'!$E$6:$E$400,"L9")+SUMIFS('M4'!$G$6:$G$400,'M4'!$F$6:$F$400,"TV2*",'M4'!$I$6:$I$400,"<>Cắt / hoãn",'M4'!$I$6:$I$400,"<>Xong",'M4'!$E$6:$E$400,"L9")+SUMIFS('M5'!$G$6:$G$400,'M5'!$F$6:$F$400,"TV2*",'M5'!$I$6:$I$400,"<>Cắt / hoãn",'M5'!$I$6:$I$400,"<>Xong",'M5'!$E$6:$E$400,"L9")+SUMIFS('M6'!$G$6:$G$400,'M6'!$F$6:$F$400,"TV2*",'M6'!$I$6:$I$400,"<>Cắt / hoãn",'M6'!$I$6:$I$400,"<>Xong",'M6'!$E$6:$E$400,"L9") -> 13 | D21: =SUMIFS('M2'!$G$6:$G$400,'M2'!$F$6:$F$400,"TV3*",'M2'!$I$6:$I$400,"<>Cắt / hoãn",'M2'!$I$6:$I$400,"<>Xong",'M2'!$E$6:$E$400,"L9")+SUMIFS('M3'!$G$6:$G$400,'M3'!$F$6:$F$400,"TV3*",'M3'!$I$6:$I$400,"<>Cắt / hoãn",'M3'!$I$6:$I$400,"<>Xong",'M3'!$E$6:$E$400,"L9")+SUMIFS('M4'!$G$6:$G$400,'M4'!$F$6:$F$400,"TV3*",'M4'!$I$6:$I$400,"<>Cắt / hoãn",'M4'!$I$6:$I$400,"<>Xong",'M4'!$E$6:$E$400,"L9")+SUMIFS('M5'!$G$6:$G$400,'M5'!$F$6:$F$400,"TV3*",'M5'!$I$6:$I$400,"<>Cắt / hoãn",'M5'!$I$6:$I$400,"<>Xong",'M5'!$E$6:$E$400,"L9")+SUMIFS('M6'!$G$6:$G$400,'M6'!$F$6:$F$400,"TV3*",'M6'!$I$6:$I$400,"<>Cắt / hoãn",'M6'!$I$6:$I$400,"<>Xong",'M6'!$E$6:$E$400,"L9") -> 5 | E21: =SUM(B21:D21) -> 28
A22: L10 | B22: =SUMIFS('M2'!$G$6:$G$400,'M2'!$F$6:$F$400,"TV1*",'M2'!$I$6:$I$400,"<>Cắt / hoãn",'M2'!$I$6:$I$400,"<>Xong",'M2'!$E$6:$E$400,"L10")+SUMIFS('M3'!$G$6:$G$400,'M3'!$F$6:$F$400,"TV1*",'M3'!$I$6:$I$400,"<>Cắt / hoãn",'M3'!$I$6:$I$400,"<>Xong",'M3'!$E$6:$E$400,"L10")+SUMIFS('M4'!$G$6:$G$400,'M4'!$F$6:$F$400,"TV1*",'M4'!$I$6:$I$400,"<>Cắt / hoãn",'M4'!$I$6:$I$400,"<>Xong",'M4'!$E$6:$E$400,"L10")+SUMIFS('M5'!$G$6:$G$400,'M5'!$F$6:$F$400,"TV1*",'M5'!$I$6:$I$400,"<>Cắt / hoãn",'M5'!$I$6:$I$400,"<>Xong",'M5'!$E$6:$E$400,"L10")+SUMIFS('M6'!$G$6:$G$400,'M6'!$F$6:$F$400,"TV1*",'M6'!$I$6:$I$400,"<>Cắt / hoãn",'M6'!$I$6:$I$400,"<>Xong",'M6'!$E$6:$E$400,"L10") -> 18 | C22: =SUMIFS('M2'!$G$6:$G$400,'M2'!$F$6:$F$400,"TV2*",'M2'!$I$6:$I$400,"<>Cắt / hoãn",'M2'!$I$6:$I$400,"<>Xong",'M2'!$E$6:$E$400,"L10")+SUMIFS('M3'!$G$6:$G$400,'M3'!$F$6:$F$400,"TV2*",'M3'!$I$6:$I$400,"<>Cắt / hoãn",'M3'!$I$6:$I$400,"<>Xong",'M3'!$E$6:$E$400,"L10")+SUMIFS('M4'!$G$6:$G$400,'M4'!$F$6:$F$400,"TV2*",'M4'!$I$6:$I$400,"<>Cắt / hoãn",'M4'!$I$6:$I$400,"<>Xong",'M4'!$E$6:$E$400,"L10")+SUMIFS('M5'!$G$6:$G$400,'M5'!$F$6:$F$400,"TV2*",'M5'!$I$6:$I$400,"<>Cắt / hoãn",'M5'!$I$6:$I$400,"<>Xong",'M5'!$E$6:$E$400,"L10")+SUMIFS('M6'!$G$6:$G$400,'M6'!$F$6:$F$400,"TV2*",'M6'!$I$6:$I$400,"<>Cắt / hoãn",'M6'!$I$6:$I$400,"<>Xong",'M6'!$E$6:$E$400,"L10") -> 2 | D22: =SUMIFS('M2'!$G$6:$G$400,'M2'!$F$6:$F$400,"TV3*",'M2'!$I$6:$I$400,"<>Cắt / hoãn",'M2'!$I$6:$I$400,"<>Xong",'M2'!$E$6:$E$400,"L10")+SUMIFS('M3'!$G$6:$G$400,'M3'!$F$6:$F$400,"TV3*",'M3'!$I$6:$I$400,"<>Cắt / hoãn",'M3'!$I$6:$I$400,"<>Xong",'M3'!$E$6:$E$400,"L10")+SUMIFS('M4'!$G$6:$G$400,'M4'!$F$6:$F$400,"TV3*",'M4'!$I$6:$I$400,"<>Cắt / hoãn",'M4'!$I$6:$I$400,"<>Xong",'M4'!$E$6:$E$400,"L10")+SUMIFS('M5'!$G$6:$G$400,'M5'!$F$6:$F$400,"TV3*",'M5'!$I$6:$I$400,"<>Cắt / hoãn",'M5'!$I$6:$I$400,"<>Xong",'M5'!$E$6:$E$400,"L10")+SUMIFS('M6'!$G$6:$G$400,'M6'!$F$6:$F$400,"TV3*",'M6'!$I$6:$I$400,"<>Cắt / hoãn",'M6'!$I$6:$I$400,"<>Xong",'M6'!$E$6:$E$400,"L10") -> 3 | E22: =SUM(B22:D22) -> 23
A23: L11 | B23: =SUMIFS('M2'!$G$6:$G$400,'M2'!$F$6:$F$400,"TV1*",'M2'!$I$6:$I$400,"<>Cắt / hoãn",'M2'!$I$6:$I$400,"<>Xong",'M2'!$E$6:$E$400,"L11")+SUMIFS('M3'!$G$6:$G$400,'M3'!$F$6:$F$400,"TV1*",'M3'!$I$6:$I$400,"<>Cắt / hoãn",'M3'!$I$6:$I$400,"<>Xong",'M3'!$E$6:$E$400,"L11")+SUMIFS('M4'!$G$6:$G$400,'M4'!$F$6:$F$400,"TV1*",'M4'!$I$6:$I$400,"<>Cắt / hoãn",'M4'!$I$6:$I$400,"<>Xong",'M4'!$E$6:$E$400,"L11")+SUMIFS('M5'!$G$6:$G$400,'M5'!$F$6:$F$400,"TV1*",'M5'!$I$6:$I$400,"<>Cắt / hoãn",'M5'!$I$6:$I$400,"<>Xong",'M5'!$E$6:$E$400,"L11")+SUMIFS('M6'!$G$6:$G$400,'M6'!$F$6:$F$400,"TV1*",'M6'!$I$6:$I$400,"<>Cắt / hoãn",'M6'!$I$6:$I$400,"<>Xong",'M6'!$E$6:$E$400,"L11") -> 4 | C23: =SUMIFS('M2'!$G$6:$G$400,'M2'!$F$6:$F$400,"TV2*",'M2'!$I$6:$I$400,"<>Cắt / hoãn",'M2'!$I$6:$I$400,"<>Xong",'M2'!$E$6:$E$400,"L11")+SUMIFS('M3'!$G$6:$G$400,'M3'!$F$6:$F$400,"TV2*",'M3'!$I$6:$I$400,"<>Cắt / hoãn",'M3'!$I$6:$I$400,"<>Xong",'M3'!$E$6:$E$400,"L11")+SUMIFS('M4'!$G$6:$G$400,'M4'!$F$6:$F$400,"TV2*",'M4'!$I$6:$I$400,"<>Cắt / hoãn",'M4'!$I$6:$I$400,"<>Xong",'M4'!$E$6:$E$400,"L11")+SUMIFS('M5'!$G$6:$G$400,'M5'!$F$6:$F$400,"TV2*",'M5'!$I$6:$I$400,"<>Cắt / hoãn",'M5'!$I$6:$I$400,"<>Xong",'M5'!$E$6:$E$400,"L11")+SUMIFS('M6'!$G$6:$G$400,'M6'!$F$6:$F$400,"TV2*",'M6'!$I$6:$I$400,"<>Cắt / hoãn",'M6'!$I$6:$I$400,"<>Xong",'M6'!$E$6:$E$400,"L11") -> 5 | D23: =SUMIFS('M2'!$G$6:$G$400,'M2'!$F$6:$F$400,"TV3*",'M2'!$I$6:$I$400,"<>Cắt / hoãn",'M2'!$I$6:$I$400,"<>Xong",'M2'!$E$6:$E$400,"L11")+SUMIFS('M3'!$G$6:$G$400,'M3'!$F$6:$F$400,"TV3*",'M3'!$I$6:$I$400,"<>Cắt / hoãn",'M3'!$I$6:$I$400,"<>Xong",'M3'!$E$6:$E$400,"L11")+SUMIFS('M4'!$G$6:$G$400,'M4'!$F$6:$F$400,"TV3*",'M4'!$I$6:$I$400,"<>Cắt / hoãn",'M4'!$I$6:$I$400,"<>Xong",'M4'!$E$6:$E$400,"L11")+SUMIFS('M5'!$G$6:$G$400,'M5'!$F$6:$F$400,"TV3*",'M5'!$I$6:$I$400,"<>Cắt / hoãn",'M5'!$I$6:$I$400,"<>Xong",'M5'!$E$6:$E$400,"L11")+SUMIFS('M6'!$G$6:$G$400,'M6'!$F$6:$F$400,"TV3*",'M6'!$I$6:$I$400,"<>Cắt / hoãn",'M6'!$I$6:$I$400,"<>Xong",'M6'!$E$6:$E$400,"L11") -> 3 | E23: =SUM(B23:D23) -> 12
A24: L12 | B24: =SUMIFS('M2'!$G$6:$G$400,'M2'!$F$6:$F$400,"TV1*",'M2'!$I$6:$I$400,"<>Cắt / hoãn",'M2'!$I$6:$I$400,"<>Xong",'M2'!$E$6:$E$400,"L12")+SUMIFS('M3'!$G$6:$G$400,'M3'!$F$6:$F$400,"TV1*",'M3'!$I$6:$I$400,"<>Cắt / hoãn",'M3'!$I$6:$I$400,"<>Xong",'M3'!$E$6:$E$400,"L12")+SUMIFS('M4'!$G$6:$G$400,'M4'!$F$6:$F$400,"TV1*",'M4'!$I$6:$I$400,"<>Cắt / hoãn",'M4'!$I$6:$I$400,"<>Xong",'M4'!$E$6:$E$400,"L12")+SUMIFS('M5'!$G$6:$G$400,'M5'!$F$6:$F$400,"TV1*",'M5'!$I$6:$I$400,"<>Cắt / hoãn",'M5'!$I$6:$I$400,"<>Xong",'M5'!$E$6:$E$400,"L12")+SUMIFS('M6'!$G$6:$G$400,'M6'!$F$6:$F$400,"TV1*",'M6'!$I$6:$I$400,"<>Cắt / hoãn",'M6'!$I$6:$I$400,"<>Xong",'M6'!$E$6:$E$400,"L12") -> 0 | C24: =SUMIFS('M2'!$G$6:$G$400,'M2'!$F$6:$F$400,"TV2*",'M2'!$I$6:$I$400,"<>Cắt / hoãn",'M2'!$I$6:$I$400,"<>Xong",'M2'!$E$6:$E$400,"L12")+SUMIFS('M3'!$G$6:$G$400,'M3'!$F$6:$F$400,"TV2*",'M3'!$I$6:$I$400,"<>Cắt / hoãn",'M3'!$I$6:$I$400,"<>Xong",'M3'!$E$6:$E$400,"L12")+SUMIFS('M4'!$G$6:$G$400,'M4'!$F$6:$F$400,"TV2*",'M4'!$I$6:$I$400,"<>Cắt / hoãn",'M4'!$I$6:$I$400,"<>Xong",'M4'!$E$6:$E$400,"L12")+SUMIFS('M5'!$G$6:$G$400,'M5'!$F$6:$F$400,"TV2*",'M5'!$I$6:$I$400,"<>Cắt / hoãn",'M5'!$I$6:$I$400,"<>Xong",'M5'!$E$6:$E$400,"L12")+SUMIFS('M6'!$G$6:$G$400,'M6'!$F$6:$F$400,"TV2*",'M6'!$I$6:$I$400,"<>Cắt / hoãn",'M6'!$I$6:$I$400,"<>Xong",'M6'!$E$6:$E$400,"L12") -> 5 | D24: =SUMIFS('M2'!$G$6:$G$400,'M2'!$F$6:$F$400,"TV3*",'M2'!$I$6:$I$400,"<>Cắt / hoãn",'M2'!$I$6:$I$400,"<>Xong",'M2'!$E$6:$E$400,"L12")+SUMIFS('M3'!$G$6:$G$400,'M3'!$F$6:$F$400,"TV3*",'M3'!$I$6:$I$400,"<>Cắt / hoãn",'M3'!$I$6:$I$400,"<>Xong",'M3'!$E$6:$E$400,"L12")+SUMIFS('M4'!$G$6:$G$400,'M4'!$F$6:$F$400,"TV3*",'M4'!$I$6:$I$400,"<>Cắt / hoãn",'M4'!$I$6:$I$400,"<>Xong",'M4'!$E$6:$E$400,"L12")+SUMIFS('M5'!$G$6:$G$400,'M5'!$F$6:$F$400,"TV3*",'M5'!$I$6:$I$400,"<>Cắt / hoãn",'M5'!$I$6:$I$400,"<>Xong",'M5'!$E$6:$E$400,"L12")+SUMIFS('M6'!$G$6:$G$400,'M6'!$F$6:$F$400,"TV3*",'M6'!$I$6:$I$400,"<>Cắt / hoãn",'M6'!$I$6:$I$400,"<>Xong",'M6'!$E$6:$E$400,"L12") -> 0 | E24: =SUM(B24:D24) -> 5

Sheet M0
A1: M0 · Setup hạ tầng — chốt 18/09/2026 · Sprint L0
A2: Mục tiêu: L0 — 07/09 – 18/09/2026: Monorepo, Docker Compose, NestJS, Next.js, CI, khung i18n
A3: Nếu trượt: M0 trượt tối đa 3 ngày làm việc. Quá 3 ngày thì rút E1-S8 xuống mức script và đẩy phần còn lại vào S1 — không được để trượt lan sang M1 vì M1 nằm trên đường găng. Tinh gọn: Phương án script cho E1-S8 (còn 4 SP) đã được dùng sẵn, nên M0 không còn đòn bẩy hạ tải nào khác. Mọi phần trượt ăn thẳng vào L1, vốn đã xếp 32 SP story còn mở trên sức chứa 28.
A4: Tiến độ | C4: =COUNTA($C$6:$C$400)&" mục" -> 35 mục | D4: ="Xong: "&COUNTIF($I$6:$I$400,"Xong") -> Xong: 9 | E4: ="Một phần: "&COUNTIF($I$6:$I$400,"Một phần") -> Một phần: 5 | F4: ="Chưa làm: "&COUNTIF($I$6:$I$400,"Chưa làm") -> Chưa làm: 10 | G4: ="Bị chặn: "&COUNTIF($I$6:$I$400,"Bị chặn") -> Bị chặn: 0 | H4: ="Cần chốt: "&COUNTIF($I$6:$I$400,"Cần chốt") -> Cần chốt: 1 | I4: ="Chưa xác nhận: "&COUNTIF($I$6:$I$400,"Chưa xác nhận") -> Chưa xác nhận: 5 | J4: ="Cắt / hoãn: "&COUNTIF($I$6:$I$400,"Cắt / hoãn") -> Cắt / hoãn: 5 | K4: ="Tỷ lệ xong: "&TEXT(IFERROR(COUNTIF($I$6:$I$400,"Xong")/(COUNTA($C$6:$C$400)-COUNTIF($I$6:$I$400,"Cắt / hoãn")),0),"0%") -> Tỷ lệ xong: 30%
A5: STT | B5: Nhóm | C5: Mã | D5: Nội dung | E5: Sprint | F5: Phụ trách | G5: SP | H5: Ưu tiên | I5: Trạng thái | J5: Ghi chú / bằng chứng | K5: Nguồn | L5: Người xác nhận | M5: Ngày xong
A6: 1 | B6: Việc chặn & cần chốt | C6: CH-06 | D6: Chốt quy mô đội: đủ đội 5,5 FTE hay tinh gọn 2 dev + Founder. Git log hiện chỉ có 1 người commit; velocity 53 SP/sprint của S1 dựa trên đội đủ. | F6: Founder | I6: Xong | J6: Chốt 19/09/2026: tinh gọn 2 dev + Founder, cắt nhóm A + B, M6 dời sang 01/04/2027 (QĐ-77). Founder còn phải ký bảng "Những gì mất đi khi cắt" (doc 08 §10.5). Cập nhật 23/09/2026 (QĐ-78): đội code là 3 thành viên chia khối lượng 60-20-20 theo chức năng (TV1 dùng AI, TV2, TV3); Founder giữ việc không code; phạm vi cắt nhóm A + B và lịch L0 → L12 giữ nguyên. | K6: Doc 00 §9 · Kiểm tra code 18/09/2026 · QĐ-77
A7: 2 | B7: Việc chặn & cần chốt | C7: T-TL-01 | D7: Tạo ops/legal/ + ops/legal/drafts/ cho bản nháp ToS / Privacy. | E7: L0 | F7: TV1 | I7: Xong | J7: Xong 19/09/2026: ops/legal/ có README (quy tắc, cấu trúc, việc cấm commit), .gitignore dạng danh sách cho phép, drafts/, registers/, map-audit/. Repo đang public nên chưa tạo counsel/, filings/, procedures/, chờ Founder chốt (ops/legal/README.md §4). Tinh gọn: Founder soạn bản thảo ToS/Privacy, luật sư rà soát và ký. | K7: Doc 00 §10 · ops/legal/README.md
A8: 3 | B8: Việc chặn & cần chốt | C8: T-TL-02 | D8: Secret scanning (gitleaks) + tách biến môi trường trong CI, trước khi nạp khoá JWT, OAuth, Apple .p8. | F8: TV1 | I8: Chưa làm | J8: Rủi ro tăng ngay trong Sprint 1. Tinh gọn: Không còn khoá Apple .p8 vì E2-S4 bị cắt; thêm khoá riêng VAPID của Web Push (L6) vào danh sách secret | K8: Doc 00 §10 · Kiểm tra code 18/09/2026
A9: 4 | B9: Story | C9: E1-S1 | D9: Monorepo + chuẩn code thống nhất | E9: L0 | F9: TV1 | G9: 5 | H9: MUST | I9: Xong | J9: Monorepo pnpm + Turborepo + oxlint chạy được. | K9: Kiểm tra code 18/09/2026
A10: 5 | B10: Story | C10: E1-S2 | D10: docker compose up = Postgres 16 + PostGIS 3.4 + Redis | E10: L0 | F10: TV1 | G10: 5 | H10: MUST | I10: Xong | J10: PostgreSQL 18 + PostGIS 3.6 + Redis 7.4 (nâng phiên bản đã quyết, khác số ghi trong doc 08). | K10: Kiểm tra code 18/09/2026
A11: 6 | B11: Story | C11: E1-S3 | D11: Khung NestJS 11 + config theo môi trường + GET /health | E11: L0 | F11: TV1 | G11: 5 | H11: MUST | I11: Xong | J11: Có /health; thiếu readiness kiểm tra DB và Redis. Xong 24/09/2026: thêm GET /api/v1/health/ready kiểm PostgreSQL + Redis cache + Redis queue, trả 200 hoặc 503 kèm tên dịch vụ đang hỏng (e2e health.e2e.spec.ts; chạy thật: tắt Redis cache → 503, bật lại → 200). | K11: Kiểm tra code 18/09/2026 | M11: 24/09/2026
A12: 7 | B12: Story | C12: E1-S4 | D12: TypeORM migration + seed data | E12: L0 | F12: TV1 | G12: 5 | H12: MUST | I12: Cần chốt | J12: Không dùng TypeORM: schema là file SQL nạp qua initdb, không tự áp cho DB đang chạy. Chốt cơ chế migration (T-04) trước bảng mới đầu tiên. Tinh gọn: Không nằm trong 28 SP của L0; phải chốt cơ chế migration trước khi TV1 tạo users.role và trust_signals ở L1 | K12: Kiểm tra code 18/09/2026
A13: 8 | B13: Story | C13: E1-S5 | D13: Khung Next.js 15 App Router + Tailwind + design token | E13: L0 | F13: TV1 | G13: 5 | H13: MUST | I13: Xong | J13: Next.js 16 App Router + Tailwind 4 + token từ @dnc/tokens. Tinh gọn: @dnc/tokens chưa khớp doc 10 §12 (primary #0EA5E9, doc 10 dùng teal-500 #0E7C74); Designer thuê ngoài giao design token trong gói 4 tuần (TG-M0-1), TV1 thay vào @dnc/tokens | K13: Kiểm tra code 18/09/2026
A14: 9 | B14: Story | C14: E1-S6 | D14: Khung Expo 54 + RN 0.81 + điều hướng + dev build máy thật | F14: Founder | G14: 8 | H14: MUST | I14: Cắt / hoãn | J14: apps/mobile-client-side chỉ có README. Chặn cứng 18 SP mobile của Sprint 1 (E2-S3, E2-S4, E2-S9). Tinh gọn: Hoãn nhánh native sang sau ra mắt, không có repo mobile trong 7 tháng đầu; thay bằng PWA (manifest, service worker, add-to-home) do TV2 làm (TG-M5-1, TG-M5-2) | K14: Kiểm tra code 18/09/2026 · Doc 08 §10.2
A15: 10 | B15: Story | C15: E1-S7 | D15: CI GitHub Actions: lint + test + build mỗi PR | E15: L0 | F15: TV1 | G15: 5 | H15: MUST | I15: Một phần | J15: CI có lint + typecheck + test + smoke RSVP; thiếu bước build; branch protection chưa xác nhận. | K15: Kiểm tra code 18/09/2026
A16: 11 | B16: Story | C16: E1-S8 | D16: Merge develop → tự động deploy staging | E16: L0 | F16: TV1 | G16: 4 | H16: MUST | I16: Chưa làm | J16: Chưa có auto-deploy staging, cũng chưa có script deploy.sh dự phòng. Tinh gọn: Nhóm B rút gọn 8 → 4 SP: deploy staging bằng một lệnh chạy tay (deploy.sh), bỏ auto-deploy, mỗi lần mất thêm khoảng 2 phút; vẫn đạt gate vì M0-5 chấp nhận script một lệnh | K16: Kiểm tra code 18/09/2026 · Doc 08 §10.2
A17: 12 | B17: Story | C17: E10-S1 | D17: Khoá i18n theo namespace, dùng chung web + mobile | E17: L0 | F17: TV2 | G17: 3 | H17: MUST | I17: Xong | J17: packages/i18n en/vi + sinh kiểu khoá; 2 file phẳng thay vì 14 namespace (vẫn đạt DoD). Tinh gọn: Không có app mobile trong kịch bản tinh gọn: khoá chỉ dùng cho web client + Admin Console; bản dịch VI do dịch giả thuê ngoài, TV2 nạp file ở L11 | K17: Kiểm tra code 18/09/2026
A18: 13 | B18: DoD bổ sung | C18: S0-DoD-1 | D18: Người thứ hai trong đội làm theo README từ máy sạch, dựng xong toàn hệ thống trong ≤ 5 phút bấm đồng hồ, không hỏi ai | E18: L0 | F18: TV1 | I18: Một phần | J18: Lệnh pnpm dev tự động hoá đủ; chưa có lần bấm giờ thật trên máy sạch. Tinh gọn: TV2 hoặc TV3 là người thứ hai bấm giờ trên máy sạch | K18: Doc 08 §6
A19: 14 | B19: DoD bổ sung | C19: S0-DoD-2 | D19: GET /health trả 200 từ tên miền staging thật (không phải IP), có HTTPS hợp lệ | E19: L0 | F19: TV1 | I19: Chưa làm | J19: Chưa có staging (phụ thuộc E1-S8). Tinh gọn: Staging dựng bằng deploy một lệnh (E1-S8 rút gọn); tên miền do Founder đăng ký (S0-Ops-3) | K19: Doc 08 §6
A20: 15 | B20: DoD bổ sung | C20: S0-DoD-3 | D20: CI chạy < 8 phút; PR đỏ không merge được (branch protection đã bật) | E20: L0 | F20: TV1 | I20: Chưa xác nhận | J20: Cần người có quyền admin repo kiểm branch protection và đo thời gian CI thật. Tinh gọn: Không có QA thường trực: branch protection bắt buộc 1 approve từ dev còn lại (review chéo) | K20: Doc 08 §6
A21: 16 | B21: DoD bổ sung | C21: S0-DoD-4 | D21: Dev build cài được lên 1 iPhone thật + 1 Android thật, ảnh chụp màn hình lưu trong issue | F21: Founder | I21: Cắt / hoãn | J21: Chưa có project Expo (E1-S6). Tinh gọn: Không có dev build native (E1-S6 hoãn); việc kiểm tra cài PWA lên máy thật chuyển sang L9 | K21: Doc 08 §6 · Doc 08 §10.2
A22: 17 | B22: DoD bổ sung | C22: S0-DoD-5 | D22: Khung i18n có sẵn 2 locale en/vi, mặc định en; đã có 1 chuỗi mẫu chứng minh cả hai đường | E22: L0 | F22: TV2 | I22: Xong | K22: Doc 08 §6
A23: 18 | B23: DoD bổ sung | C23: S0-DoD-6 | D23: Sổ đăng ký hoạt động xử lý dữ liệu cá nhân đã tạo file rỗng có cấu trúc, chờ điền từ S1 | E23: L0 | F23: Founder + TV1 | I23: Chưa làm | J23: Chưa có file sổ đăng ký, chưa có thư mục ops/legal/. Tinh gọn: Founder soạn cấu trúc sổ theo Luật 91/2025 (luật sư chỉ rà soát ở gói pháp lý rút gọn); TV1 đặt file vào ops/legal/ | K23: Doc 08 §6
A24: 19 | B24: Nghiệm thu | C24: M0-1 | D24: GET /api/v1/health trả 200 từ tên miền staging có HTTPS hợp lệ | F24: TV1 | I24: Chưa làm | J24: Bằng chứng: Ảnh chụp curl -i + chứng chỉ | K24: Doc 08 §7
A25: 20 | B25: Nghiệm thu | C25: M0-2 | D25: CI xanh trên develop, thời gian chạy < 8 phút, branch protection đã bật | F25: TV1 | I25: Một phần | J25: CI chạy trên PR; thiếu build + branch protection chưa xác nhận. Bằng chứng: Link run CI + ảnh cấu hình | K25: Doc 08 §7
A26: 21 | B26: Nghiệm thu | C26: M0-3 | D26: Người thứ hai dựng local từ máy sạch trong ≤ 5 phút | F26: TV1 | I26: Một phần | J26: Chưa bấm giờ thật. Bằng chứng: Video màn hình bấm đồng hồ. Tinh gọn: TV2 hoặc TV3 là người thứ hai quay video bấm giờ | K26: Doc 08 §7
A27: 22 | B27: Nghiệm thu | C27: M0-4 | D27: Dev build cài chạy trên 1 iPhone thật + 1 Android thật | F27: Founder | I27: Cắt / hoãn | J27: Bằng chứng: 2 ảnh chụp màn hình thiết bị. Tinh gọn: Không có app native trong 7 tháng; bằng chứng cài PWA trên máy thật chuyển sang L9 | K27: Doc 08 §7 · Doc 08 §10.2
A28: 23 | B28: Nghiệm thu | C28: M0-5 | D28: Merge develop → staging tự cập nhật ≤ 10 phút (hoặc script 1 lệnh, xem phương án hạ tải §6.3) | F28: TV1 | I28: Chưa làm | J28: Bằng chứng: Log deploy. Tinh gọn: Nghiệm thu theo nhánh script một lệnh (E1-S8 rút gọn); bằng chứng là log chạy script | K28: Doc 08 §7
A29: 24 | B29: Nghiệm thu | C29: M0-6 | D29: 2 locale en/vi hoạt động, mặc định en | F29: TV2 | I29: Xong | J29: Bằng chứng: Ảnh 2 trạng thái | K29: Doc 08 §7
A30: 25 | B30: Nghiệm thu | C30: M0-7 | D30: Hồ sơ D-U-N-S đã nộp, có mã hồ sơ | F30: Founder | I30: Cắt / hoãn | J30: Việc của Founder, chưa có bằng chứng trong repo. Bằng chứng: Email xác nhận. Tinh gọn: D-U-N-S chỉ dùng để mở tài khoản Apple Developer/Google Play cho app native; E12 hoãn và ngân sách tinh gọn bỏ Apple Developer nên không còn là tiêu chí M0 | K30: Doc 08 §7 · Doc 08 §10.2
A31: 26 | B31: Demo | C31: S0-Demo-1 | D31: Mở terminal máy sạch, git clone + docker compose up, gọi curl localhost:3000/api/v1/health → {"status":"ok"} | E31: L0 | F31: TV1 | I31: Một phần | J31: Chạy được trên localhost; staging chưa có. | K31: Doc 08 §6
A32: 27 | B32: Demo | C32: S0-Demo-2 | D32: Mở trình duyệt vào tên miền staging → trang Next.js chào mừng, bấm nút đổi ngôn ngữ EN ↔ VI | E32: L0 | F32: TV2 + TV1 | I32: Chưa làm | J32: Tinh gọn: Staging cập nhật bằng deploy một lệnh của TV1 | K32: Doc 08 §6
A33: 28 | B33: Demo | C33: S0-Demo-3 | D33: Cầm iPhone thật lên, mở app dev build, đi qua 3 màn hình khung | F33: Founder | I33: Cắt / hoãn | J33: Tinh gọn: Không có app native; demo tương đương là mở PWA trên điện thoại ở L9 | K33: Doc 08 §6 · Doc 08 §10.2
A34: 29 | B34: Demo | C34: S0-Demo-4 | D34: Push 1 commit vô hại lên develop ngay trong buổi demo → mọi người xem CI chạy và staging tự cập nhật sau ~6 phút | E34: L0 | F34: TV1 | I34: Chưa làm | J34: Tinh gọn: Không còn auto-deploy: sau khi CI xanh, TV1 chạy lệnh deploy ngay trong buổi demo | K34: Doc 08 §6
A35: 30 | B35: Việc ngoài SP | C35: S0-Ops-1 | D35: Nộp hồ sơ D-U-N-S Number (miễn phí, 5–14 ngày làm việc) — đây là việc chặn dài nhất của cả dự án, làm ngày đầu tiên | E35: L0 | F35: Founder | I35: Chưa xác nhận | J35: Tinh gọn: Không còn chặn lịch vì app native và phát hành cửa hàng đã hoãn; nộp vẫn miễn phí nếu muốn giữ đường cho bản native sau ra mắt | K35: Doc 08 §6
A36: 31 | B36: Việc ngoài SP | C36: S0-Ops-2 | D36: Mở tài khoản Google Play Console (25 USD một lần) — làm ngay vì chính sách closed testing 14 ngày tính từ lúc có tester | E36: L0 | F36: Founder | I36: Chưa xác nhận | J36: Tinh gọn: Chỉ cần cho app native trên Google Play (E12 hoãn); không còn chặn M5/M6, Founder quyết mở sớm hay dời | K36: Doc 08 §6
A37: 32 | B37: Việc ngoài SP | C37: S0-Ops-3 | D37: Đăng ký tên miền + email doanh nghiệp | E37: L0 | F37: Founder | I37: Chưa xác nhận | K37: Doc 08 §6
A38: 33 | B38: Việc ngoài SP | C38: S0-Ops-4 | D38: Chốt danh sách 20 organizer mục tiêu để tiếp cận từ S2 | E38: L0 | F38: Founder | I38: Chưa xác nhận | J38: Tinh gọn: Tiếp cận từ L2 (trùng lịch S2), giữ nguyên theo NT-1 | K38: Doc 08 §6
A39: 34 | B39: Bổ sung kịch bản tinh gọn | C39: TG-M0-1 | D39: Ký gói Designer thuê ngoài trọn gói: design token + 20 màn hình, giao trong 4 tuần (45 triệu VND, GĐ A) | E39: L0 | F39: Founder | H39: MUST | I39: Chưa làm | J39: Bên giao là Thuê ngoài: Designer; việc bàn giao theo dõi ở TG-M2-1 (khoảng 19/10, đầu L3). Doc 00 đặt hạn token trước 21/09 nên phải ký trong hạn trượt M0 (23/09). DEC-TOKENS (M2) phải chốt trước khi gửi brief vì @dnc/tokens đang lệch doc 10 §12 (E1-S5). Đề xuất đổi phần tài sản cửa hàng trong gói sang icon/splash PWA + ảnh OG vì E12 hoãn; TV1 nạp token vào @dnc/tokens | K39: Doc 08 §9.2 · 08:1518 · §11.3 · 08:1789
A40: 35 | B40: Bổ sung kịch bản tinh gọn | C40: TG-M0-2 | D40: Chốt quy trình nghiệm thu tinh gọn: Founder ký DoD-9 (người thứ hai xác nhận), các thành viên code review chéo story của nhau | E40: L0 | F40: Founder + TV1 | H40: MUST | I40: Chưa làm | J40: Không có QA thường trực (08:1526). TV1 bật yêu cầu 1 approve từ một thành viên khác trên develop (S0-DoD-3). Founder ký DoD-9 trên staging cho mọi story L0–L12 và cho từng gate M1–M6. Đây là mục duy nhất của quy trình này, đã gộp các bản lặp ở M1–M5. Chấp nhận tỷ lệ lỗi lọt ra staging cao hơn | K40: Doc 08 §9.2 · 08:1526

Sheet M1
A1: M1 · API nền + Auth — chốt 02/10/2026 · Sprint L1
A2: Mục tiêu: L1 — 21/09 – 02/10/2026: Auth email + Google, refresh rotation, RBAC enum 5 role, trust_signals
A3: Nếu trượt: M1 không được trượt. Đây là mắt xích đường găng cứng nhất phía kỹ thuật — toàn bộ E3, E4, E6 đều chờ nó. Trượt M1 thì trượt hết. Phương án khẩn: cắt E2-S5 (Facebook) và E2-S6 (đặt lại mật khẩu) sang S2, dồn 2 người vào E2-S2 và E2-S9. Tinh gọn: E2-S4 và E2-S5 đã cắt, E2-S9 đã hoãn và E2-S2 đã xong, nên phương án khẩn là dời E1-S9 (Sentry chỉ cần trước khi staging có người dùng thật, tức beta L10) và E2-S6 sang L2, dồn TV2 vào E2-S1 và E2-S3 (Google trên web), TV1 hỗ trợ E2-S1 khi xong phần L0 còn tồn.
A4: Tiến độ | C4: =COUNTA($C$6:$C$400)&" mục" -> 49 mục | D4: ="Xong: "&COUNTIF($I$6:$I$400,"Xong") -> Xong: 11 | E4: ="Một phần: "&COUNTIF($I$6:$I$400,"Một phần") -> Một phần: 7 | F4: ="Chưa làm: "&COUNTIF($I$6:$I$400,"Chưa làm") -> Chưa làm: 18 | G4: ="Bị chặn: "&COUNTIF($I$6:$I$400,"Bị chặn") -> Bị chặn: 2 | H4: ="Cần chốt: "&COUNTIF($I$6:$I$400,"Cần chốt") -> Cần chốt: 6 | I4: ="Chưa xác nhận: "&COUNTIF($I$6:$I$400,"Chưa xác nhận") -> Chưa xác nhận: 2 | J4: ="Cắt / hoãn: "&COUNTIF($I$6:$I$400,"Cắt / hoãn") -> Cắt / hoãn: 3 | K4: ="Tỷ lệ xong: "&TEXT(IFERROR(COUNTIF($I$6:$I$400,"Xong")/(COUNTA($C$6:$C$400)-COUNTIF($I$6:$I$400,"Cắt / hoãn")),0),"0%") -> Tỷ lệ xong: 24%
A5: STT | B5: Nhóm | C5: Mã | D5: Nội dung | E5: Sprint | F5: Phụ trách | G5: SP | H5: Ưu tiên | I5: Trạng thái | J5: Ghi chú / bằng chứng | K5: Nguồn | L5: Người xác nhận | M5: Ngày xong
A6: 1 | B6: Việc chặn & cần chốt | C6: CH-01 | D6: Nghĩa vụ xác thực SĐT Việt Nam theo NĐ 147/2024: mọi tài khoản hay chỉ tài khoản đăng nội dung công khai. | F6: Founder + Luật sư | I6: Cần chốt | J6: Hạn 21/09. Code đang ngầm chọn "không bắt buộc". Tinh gọn: Nếu bắt buộc cho mọi tài khoản thì dùng OTP của nhà cung cấp có sẵn (E3-S6 chỉ còn 2 SP, nhóm B) | K6: Doc 00 §9
A7: 2 | B7: Việc chặn & cần chốt | C7: MT-17 | D7: Chốt tên guard/decorator trust và RBAC (code: TrustLevelGuard/@MinTrustLevel; doc: TrustTierGuard/@MinTrust). | F7: TV1 | I7: Xong | J7: Hạn 21/09; chặn E2-S7. Chốt 24/09/2026: giữ tên code TrustLevelGuard/@MinTrustLevel; guard mới là RolesGuard/@Roles, thứ tự JwtAuthGuard → RolesGuard → TrustLevelGuard (D-07: role trước trust). Kế hoạch và nghiệm thu: .agent/specs/_changes/rbac-admin-shell/. | K7: Doc 00 · Kiểm tra code 18/09/2026 | M7: 24/09/2026
A8: 3 | B8: Việc chặn & cần chốt | C8: MT-16 | D8: user_status_enum 5 hay 8 giá trị (enum Postgres không xoá được giá trị). | F8: TV2 | I8: Cần chốt | J8: Hạn 02/10. | K8: Doc 00
A9: 4 | B9: Việc chặn & cần chốt | C9: PERM-MATRIX | D9: Vị trí PERMISSION_MATRIX máy đọc được (doc 00: packages/shared-types; doc 01: apps/api/…/authz/) + test describe.each T-1→T-5. | F9: TV1 | I9: Xong | J9: Hạn 21/09. Chốt 24/09/2026: packages/domain/src/permission-matrix.ts (STAFF_ROLES, SYSTEM_HEALTH_ROLES, PERMISSION_MATRIX), dùng chung cho RolesGuard ở API và menu/chặn route ở web admin; có unit test. | K9: Doc 00 §10 · Doc 01 §9.2 | M9: 24/09/2026
A10: 5 | B10: Việc chặn & cần chốt | C10: ADR-C9 | D10: Có tách schema identity_secret cho bảng xác thực mới không (ADR-0000 mục C9). | F10: Founder + TV1 | I10: Cần chốt | J10: Hạn ký 07/09 đã qua. Tinh gọn: Founder ký ADR; TV1 đề xuất phương án và viết migration nếu chốt tách schema | K10: docs/adr/0000
A11: 6 | B11: Việc chặn & cần chốt | C11: TOKEN-MOBILE | D11: Một cơ chế trả refresh token dùng chung cho web (cookie), mobile (SecureStore) và social login; đổi hợp đồng packages/contracts. | F11: TV2 | I11: Cần chốt | J11: Chặn E2-S3, E2-S4, E2-S9. Cổng phê duyệt: đổi packages dùng chung. Tinh gọn: Nhánh mobile (SecureStore) hoãn cùng E2-S9; chỉ cần chốt cookie cho web/PWA + Google, để hợp đồng mở sẵn cho bản native sau này | K11: Kiểm tra code 18/09/2026
A12: 7 | B12: Việc chặn & cần chốt | C12: BR-30 | D12: Nội dung Điều khoản / Chính sách quyền riêng tư và cơ chế consent_records (NĐ 13/2023 + Luật 91/2025). | F12: Founder + Luật sư | I12: Cần chốt | J12: Cần luật sư xác nhận. Tinh gọn: Founder soạn bản thảo mẫu, luật sư chỉ rà soát và ký xác nhận (gói pháp lý 55 triệu); vẫn phải theo Luật 91/2025 | K12: Doc 02 BR-30
A13: 8 | B13: Việc chặn & cần chốt | C13: ACC-APPLE-GOOGLE | D13: Xác nhận tài khoản Apple Developer tổ chức / D-U-N-S; tạo Google OAuth client (3 ID: web, iOS, Android). | F13: Founder + TV2 | I13: Chưa xác nhận | J13: Tinh gọn: Chỉ cần Google OAuth client cho web/PWA; không mua Apple Developer, D-U-N-S và 2 client iOS/Android thôi chặn vì E2-S4 bị cắt, bản native hoãn | K13: Doc 08 §6.3
A14: 9 | B14: Việc chặn & cần chốt | C14: OWNERS | D14: Gán người phụ trách cho T-10, T-11, T-12, T-14 trong ACTIVE_TASKS. | F14: TV1 | I14: Chưa làm | J14: Cột người phụ trách đang trống. Tinh gọn: Gán theo đội tinh gọn: T-10, T-11, T-12 cho TV2; T-14 cho TV1; T-11 chỉ còn Google | K14: .agent/memory/ACTIVE_TASKS.md
A15: 10 | B15: Việc chặn & cần chốt | C15: INFRA-MAIL | D15: Nối mail client (SMTP → Mailpit) dùng chung cho E2-S1 và E2-S6. | F15: TV1 | I15: Xong | J15: Xong 24/09/2026: MailModule gửi qua SMTP (mặc định Mailpit), chặn người nhận theo MAIL_ALLOWED_DOMAINS cho staging, không ghi địa chỉ email vào log (e2e mail.e2e.spec.ts gửi thật và đọc lại từ Mailpit). | K15: Kiểm tra code 18/09/2026 | M15: 24/09/2026
A16: 11 | B16: Việc chặn & cần chốt | C16: INFRA-REDIS | D16: Nối Redis client (ioredis / BullMQ) cho rate limit E2-S10 và job trust:recompute (T-13). | F16: TV1 | I16: Xong | J16: Xong 24/09/2026: RedisModule có hai client (cache 6381, queue 6380 cấu hình sẵn cho BullMQ), kết nối lười, log khi mất và khi khôi phục kết nối, đóng sạch khi tắt app (enableShutdownHooks). Hàng đợi BullMQ tạo cùng E7-S1. | K16: Kiểm tra code 18/09/2026 | M16: 24/09/2026
A17: 12 | B17: Việc chặn & cần chốt | C17: SEC-JWT-LOG | D17: Vá lỗi ghi khoá riêng JWT ra log debug khi thiếu JWT_PRIVATE_KEY (auth.service.ts:107), trước khi bật log tập trung. | F17: TV2 | I17: Chưa làm | J17: Lỗi bảo mật. | K17: Kiểm tra code 18/09/2026
A18: 13 | B18: Việc chặn & cần chốt | C18: T-14 | D18: Dựng Playwright ở apps/web-client-side/e2e/, chạy cả WebKit. | F18: TV1 | I18: Chưa làm | J18: Ba bug chỉ-có-ở-client đã lọt lưới. Tinh gọn: Không có QA thường trực: TV1 dựng khung, mỗi thành viên viết E2E cho chức năng của mình; QA thuê ngoài chỉ chạy 2 đợt trước beta và trước ra mắt | K18: .agent/memory/ACTIVE_TASKS.md
A19: 14 | B19: Story | C19: E2-S1 | D19: Đăng ký email + xác minh email | E19: L1 | F19: TV2 | G19: 8 | H19: MUST | I19: Một phần | J19: Đăng ký có nhưng cấp phiên + T1 ngay; chưa có token xác minh, endpoint verify, gửi mail (Mailpit đã chạy). Tinh gọn: Xác minh chỉ làm trên web/PWA; màn web do TV2 làm (MK-AUTH-02) | K19: Kiểm tra code 18/09/2026
A20: 15 | B20: Story | C20: E2-S2 | D20: JWT access 15 phút + refresh 30 ngày xoay vòng, phát hiện tái sử dụng | E20: L1 | F20: TV2 | G20: 8 | H20: MUST | I20: Xong | J20: Access 15 phút + refresh 30 ngày xoay vòng; test e2e "dùng lại token → thu hồi cả họ" (auth.e2e.spec.ts:323). | K20: Kiểm tra code 18/09/2026
A21: 16 | B21: Story | C21: E2-S3 | D21: Đăng nhập Google | E21: L1 | F21: TV2 | G21: 5 | H21: MUST | I21: Bị chặn | J21: Chờ khung Expo (E1-S6), bảng social_accounts, endpoint /auth/social, Google OAuth client. Tinh gọn: Chỉ làm Google trên web/PWA, không còn chờ khung Expo (E1-S6 hoãn); vẫn chờ bảng social_accounts, endpoint /auth/social và OAuth client web | K21: Kiểm tra code 18/09/2026
A22: 17 | B22: Story | C22: E2-S4 | D22: Đăng nhập Apple (Guideline 4.8) | F22: Founder | G22: 5 | H22: MUST | I22: Cắt / hoãn | J22: Như E2-S3, thêm tài khoản Apple Developer tổ chức / D-U-N-S. Tinh gọn: Cắt theo nhóm A: Guideline 4.8 chỉ áp dụng cho app trên App Store; giữ Google + email | K22: Kiểm tra code 18/09/2026 · Doc 08 §10.2
A23: 18 | B23: Story | C23: E2-S6 | D23: Đặt lại mật khẩu qua email | E23: L1 | F23: TV2 | G23: 3 | H23: MUST | I23: Chưa làm | J23: Chưa có luồng quên / đặt lại mật khẩu. Tinh gọn: Màn quên/đặt lại mật khẩu trên web do TV2 làm (MK-AUTH-03); là việc dời đầu tiên nếu L1 quá tải | K23: Kiểm tra code 18/09/2026
A24: 19 | B24: Story | C24: E2-S7 | D24: Enum role toàn cục 5 giá trị + guard RBAC | E24: L1 | F24: TV1 | G24: 5 | H24: MUST | I24: Xong | J24: Enum 5 role đã đúng; chưa có RolesGuard/@Roles, chỉ có TrustLevelGuard. Tinh gọn: Thuộc danh sách không bao giờ cắt Xong 24/09/2026: thêm RolesGuard/@Roles và endpoint staff GET /api/v1/admin/system/health; 9 ca e2e admin-system-health.e2e.spec.ts. Kế hoạch và nghiệm thu: .agent/specs/_changes/rbac-admin-shell/. | K24: Kiểm tra code 18/09/2026 | M24: 24/09/2026
A25: 20 | B25: Story | C25: E2-S8 | D25: Màn đăng nhập/đăng ký web, trạng thái lỗi rõ ràng | E25: L1 | F25: TV2 | G25: 5 | H25: MUST | I25: Một phần | J25: Màn đăng nhập/đăng ký web có; thiếu nhánh lỗi 429, locale đang viết cứng "en" (auth-form.tsx:85). Tinh gọn: Là màn đăng nhập duy nhất trên điện thoại (PWA thay app native), phải dùng tốt ở khổ màn hình mobile | K25: Kiểm tra code 18/09/2026
A26: 21 | B26: Story | C26: E2-S9 | D26: Giữ phiên trên mobile, token trong secure storage | F26: Founder | G26: 8 | H26: MUST | I26: Cắt / hoãn | J26: Refresh token chỉ trả qua cookie httpOnly; phải chốt cơ chế cho mobile trước khi code. Tinh gọn: Hoãn theo nhóm A, 7 tháng đầu không có repo mobile; phiên trên web/PWA giữ bằng cookie httpOnly + refresh 30 ngày (E2-S2) | K26: Kiểm tra code 18/09/2026 · Doc 08 §10.2
A27: 22 | B27: Story | C27: E2-S10 | D27: Rate limit endpoint xác thực, chặn dò mật khẩu | E27: L1 | F27: TV2 | G27: 3 | H27: MUST | I27: Chưa làm | J27: Chưa có rate limit; Redis đã chạy trong compose nhưng chưa nối client. | K27: Kiểm tra code 18/09/2026
A28: 23 | B28: Story | C28: E1-S9 | D28: Sentry + log tập trung | E28: L1 | F28: TV1 | G28: 3 | H28: MUST | I28: Chưa làm | J28: Chưa có Sentry / log tập trung. Tinh gọn: Không có trong trọng tâm của 10.4 nhưng cũng không bị cắt; giữ ở L1 như §6.2 | K28: Kiểm tra code 18/09/2026
A29: 24 | B29: DoD bổ sung | C29: S1-DoD-1 | D29: Migration tạo cột users.role kiểu enum đúng 5 giá trị chữ thường: member, curator, moderator, admin, super_admin. Mặc định member. Không có giá trị guest, organizer, verified_member, support trong enum — kiểm tra bằng một test đọc pg_enum và so khớp đúng 5 phần tử | E29: L1 | F29: TV1 | I29: Một phần | J29: Enum đúng 5 giá trị; chưa có test đọc pg_enum. | K29: Doc 08 §6
A30: 25 | B30: DoD bổ sung | C30: S1-DoD-2 | D30: Migration tạo cột users.trust_level kiểu smallint, CHECK (trust_level BETWEEN 0 AND 5), mặc định 0 | E30: L1 | F30: TV1 | I30: Một phần | J30: Cột có; đăng ký đang cấp thẳng T1 (TRUST_LEVEL_ON_REGISTER), phải về 0 khi có xác minh email. | K30: Doc 08 §6
A31: 26 | B31: DoD bổ sung | C31: S1-DoD-3 | D31: Bảng trust_signals đã tạo (append-only), có REVOKE UPDATE, DELETE cho vai trò ứng dụng | E31: L1 | F31: TV1 | I31: Chưa làm | J31: DDL đầy đủ đã có ở doc 03 §4.5, chỉ còn viết migration. | K31: Doc 08 §6
A32: 27 | B32: DoD bổ sung | C32: S1-DoD-4 | D32: Test e2e luồng tái sử dụng refresh token: dùng lại token đã xoay → toàn bộ họ token của thiết bị đó bị thu hồi, trả 401 | E32: L1 | F32: TV2 | I32: Xong | J32: auth.e2e.spec.ts:323. | K32: Doc 08 §6
A33: 28 | B33: DoD bổ sung | C33: S1-DoD-5 | D33: Test guard: member gọi endpoint chỉ dành cho moderator → 403, không phải 404 và không phải 500 | E33: L1 | F33: TV1 | I33: Xong | J33: Chưa có RolesGuard. Xong 24/09/2026: member gọi endpoint chỉ dành cho admin → 403 ROLE_NOT_ALLOWED (không 404/500), body không liệt kê role hợp lệ (e2e ca #2). Chưa có endpoint chỉ dành cho moderator nên test dùng endpoint admin. | K33: Doc 08 §6 | M33: 24/09/2026
A34: 29 | B34: DoD bổ sung | C34: S1-DoD-6 | D34: Đăng nhập Apple chạy thật trên thiết bị iOS thật, không phải simulator | F34: Founder | I34: Cắt / hoãn | J34: Chờ khung Expo + tài khoản Apple Developer. Tinh gọn: Chỉ dùng để kiểm Apple trên iOS native, mà E2-S4 đã bị cắt | K34: Doc 08 §6 · Doc 08 §10.2
A35: 30 | B35: DoD bổ sung | C35: S1-DoD-7 | D35: Rate limit: 10 lần đăng nhập sai/IP/15 phút → 429 có header Retry-After | E35: L1 | F35: TV2 | I35: Chưa làm | K35: Doc 08 §6
A36: 31 | B36: DoD bổ sung | C36: S1-DoD-8 | D36: Sổ đăng ký xử lý dữ liệu cá nhân đã có 3 dòng đầu: email, mật khẩu băm, định danh nhà cung cấp social | E36: L1 | F36: Founder + TV2 | I36: Chưa làm | J36: Phụ thuộc DoD S0 sổ đăng ký. Tinh gọn: Dòng định danh nhà cung cấp social chỉ còn Google (Apple, Facebook đã cắt); TV2 cung cấp danh sách trường dữ liệu | K36: Doc 08 §6
A37: 32 | B37: Nghiệm thu | C37: M1-1 | D37: Đăng ký + xác minh email chạy end-to-end trên web và mobile | F37: TV2 | I37: Một phần | J37: Web có đăng ký nhưng chưa có xác minh email; mobile chưa có. Bằng chứng: Video 2 nền tảng. Tinh gọn: Phần mobile nghiệm thu bằng trình duyệt điện thoại/PWA thay app native; quay video trên desktop + điện thoại | K37: Doc 08 §7
A38: 33 | B38: Nghiệm thu | C38: M1-2 | D38: Đăng nhập Google và Apple chạy trên thiết bị thật, không phải simulator | F38: TV2 | I38: Bị chặn | J38: Bằng chứng: Video thiết bị. Tinh gọn: Chỉ còn Google trên Android và iPhone thật qua trình duyệt/PWA; phần Apple bị cắt theo E2-S4 | K38: Doc 08 §7
A39: 34 | B39: Nghiệm thu | C39: M1-3 | D39: Refresh token rotation có test e2e, gồm ca tái sử dụng token đã xoay → thu hồi cả họ | F39: TV2 | I39: Xong | J39: Bằng chứng: Báo cáo test | K39: Doc 08 §7
A40: 35 | B40: Nghiệm thu | C40: M1-4 | D40: users.role là enum đúng 5 giá trị member/curator/moderator/admin/super_admin; không có guest, organizer, verified_member, support | F40: TV1 | I40: Một phần | J40: Thiếu test pg_enum. Bằng chứng: Test đọc pg_enum | K40: Doc 08 §7
A41: 36 | B41: Nghiệm thu | C41: M1-5 | D41: Guard RBAC chặn đúng: member gọi endpoint moderator → 403 | F41: TV1 | I41: Xong | J41: Bằng chứng: Test e2e Đạt 24/09/2026: curator/moderator/member → 403, admin/super_admin → 200 (e2e ca #2–6). | K41: Doc 08 §7 | M41: 24/09/2026
A42: 37 | B42: Nghiệm thu | C42: M1-6 | D42: users.trust_level smallint 0–5 đã có, mặc định 0; bảng trust_signals append-only đã có | F42: TV1 | I42: Một phần | J42: trust_signals chưa có. Bằng chứng: Migration + kiểm tra quyền | K42: Doc 08 §7
A43: 38 | B43: Nghiệm thu | C43: M1-7 | D43: Rate limit endpoint xác thực hoạt động, trả 429 có Retry-After | F43: TV2 | I43: Chưa làm | J43: Bằng chứng: Kịch bản test | K43: Doc 08 §7
A44: 39 | B44: Nghiệm thu | C44: M1-8 | D44: Sổ đăng ký hoạt động xử lý dữ liệu cá nhân đã mở, có ≥ 3 mục | F44: Founder + TV2 | I44: Chưa làm | J44: Bằng chứng: File sổ đăng ký | K44: Doc 08 §7
A45: 40 | B45: Demo | C45: S1-Demo-1 | D45: Trên web: đăng ký bằng email thật → nhận mail xác minh → bấm xác minh → vào được khu vực đã đăng nhập | E45: L1 | F45: TV2 | I45: Chưa làm | K45: Doc 08 §6
A46: 41 | B46: Demo | C46: S1-Demo-2 | D46: Trên iPhone thật: đăng nhập bằng Apple ID → đóng app hoàn toàn → mở lại sau 10 phút → vẫn đăng nhập | E46: L1 | F46: TV2 | I46: Chưa làm | J46: Tinh gọn: Bỏ phần Apple ID vì E2-S4 đã cắt; vẫn demo trên iPhone thật qua Safari: đăng nhập email/Google → đóng hẳn trình duyệt → mở lại sau 10 phút → vẫn đăng nhập (cookie httpOnly + refresh 30 ngày của E2-S2, TV2 cấu hình cookie); bản thêm vào màn hình chính kiểm lại ở L9 | K46: Doc 08 §6
A47: 42 | B47: Demo | C47: S1-Demo-3 | D47: Trên Android thật: đăng nhập Google một chạm | E47: L1 | F47: TV2 | I47: Chưa làm | J47: Tinh gọn: Demo qua Chrome/PWA trên Android thật (Google một chạm trên web), không cần app native | K47: Doc 08 §6
A48: 43 | B48: Demo | C48: S1-Demo-4 | D48: Demo bảo mật: lấy refresh token cũ trong Postman gọi lại → cả họ token bị thu hồi, thiết bị bị đá ra | E48: L1 | F48: TV2 | I48: Chưa làm | J48: Tinh gọn: Bước 'thiết bị bị đá ra' minh hoạ bằng phiên trình duyệt/PWA | K48: Doc 08 §6
A49: 44 | B49: Demo | C49: S1-Demo-5 | D49: Demo RBAC: đổi role của tài khoản demo trong DB từ member sang moderator → endpoint kiểm duyệt mở ra ngay lần gọi kế tiếp | E49: L1 | F49: TV1 | I49: Xong | J49: Đạt 24/09/2026, cách demo đúng: đổi role trong DB → gọi bằng token cũ vẫn 403 (role nằm trong JWT) → refresh hoặc đăng nhập lại → 200. Dùng cặp member → admin qua GET /api/v1/admin/system/health (e2e ca #7–8). | K49: Doc 08 §6 | M49: 24/09/2026
A50: 45 | B50: Việc ngoài SP | C50: S1-Ops-0 | D50: theo dõi hồ sơ D-U-N-S; nếu quá 14 ngày chưa có kết quả thì mở ticket với Dun & Bradstreet — đây là ngưỡng cảnh báo đường găng đầu tiên. | E50: L1 | F50: Founder | I50: Chưa xác nhận | J50: Tinh gọn: Không còn là ngưỡng đường găng vì bỏ Apple Developer và hoãn E12; chỉ theo dõi để giữ đường cho bản native sau ra mắt | K50: Doc 08 §6
A51: 46 | B51: Bổ sung từ mockup | C51: MK-AUTH-01 | D51: Chốt form đăng ký theo UC-01: 3 trường, mật khẩu ≥ 10 ký tự + 4 điều kiện, 2 ô đồng ý tách riêng không tích sẵn, không báo "email đã tồn tại". Code hiện có trường handle, mật khẩu ≥ 12, trả EMAIL_TAKEN. | F51: Founder + TV2 | I51: Cần chốt | K51: Mockup ① signup · Doc 02 UC-01
A52: 47 | B52: Bổ sung từ mockup | C52: MK-AUTH-02 | D52: Màn "Check your inbox": mã 6 số, gửi lại sau 60 giây (tối đa 5 lần / 24 giờ), đổi email 1 lần, khoá 15 phút sau 5 lần sai; trang link thành công / hết hạn / đã dùng / mở trên máy khác. | F52: TV2 | I52: Chưa làm | K52: Mockup ① verify, link-* · Doc 02 UC-02
A53: 48 | B53: Bổ sung từ mockup | C53: MK-AUTH-03 | D53: Đặt lại mật khẩu: màn gửi mail trung tính (không lộ email), đăng xuất mọi phiên khác sau khi đổi. | F53: TV2 | I53: Chưa làm | K53: Mockup ① forgot, reset · Doc 02 UC-06
A54: 49 | B54: Bổ sung từ mockup | C54: MK-AUTH-04 | D54: Social login: màn "email này đã có tài khoản — đăng nhập để liên kết", không tự hợp nhất. | F54: TV2 | I54: Chưa làm | J54: Tinh gọn: Chỉ còn Google trên web/PWA; Apple và Facebook đã cắt nên không còn nhánh mobile native | K54: Mockup ① social-link · Doc 02 UC-04

Sheet M2
A1: M2 · Tạo & khám phá sự kiện — chốt 13/11/2026 · Sprint L2, L3, L4
A2: Mục tiêu: L2 — 05/10 – 16/10/2026: Mô hình sự kiện + PostGIS + areas 6 khu vực MVP, hồ sơ cá nhân, ảnh qua dịch vụ có sẵn L3 — 19/10 – 30/10/2026: Tạo / sửa / huỷ sự kiện, form web một trang có tự lưu nháp, trang chi tiết + SEO/OG L4 — 02/11 – 13/11/2026: API lọc hyperlocal (khu vực · loại hình · thời gian · ngôn ngữ · phí), trang khám phá
A3: Nếu trượt: M2 đã có sẵn cơ chế ba nấc (§6.7). Nếu nấc 1 (web) trượt quá 1 tuần thì đây là điều kiện dừng cấp 1 — dừng nhận story mới, họp lại phạm vi trong 48 giờ, cân nhắc đòn bẩy 1 (thuê Mobile hợp đồng) hoặc rơi sang §10. Tinh gọn: M2 chỉ còn nấc web (M2+/M2++ hoãn cùng nhánh native) và không còn đòn bẩy thuê Mobile hợp đồng. Nếu L2–L4 trượt quá 1 tuần thì đòn bẩy phạm vi còn lại là nhóm C §10.2 (08:1608), chỉ áp khi Founder ký. Trong M2, nhóm C chỉ chạm E5-S3, mục mà NT-2 (08:1554) ghi giữ nguyên, nên phải giải mâu thuẫn này khi ký.
A4: Tiến độ | C4: =COUNTA($C$6:$C$400)&" mục" -> 72 mục | D4: ="Xong: "&COUNTIF($I$6:$I$400,"Xong") -> Xong: 0 | E4: ="Một phần: "&COUNTIF($I$6:$I$400,"Một phần") -> Một phần: 13 | F4: ="Chưa làm: "&COUNTIF($I$6:$I$400,"Chưa làm") -> Chưa làm: 43 | G4: ="Bị chặn: "&COUNTIF($I$6:$I$400,"Bị chặn") -> Bị chặn: 0 | H4: ="Cần chốt: "&COUNTIF($I$6:$I$400,"Cần chốt") -> Cần chốt: 5 | I4: ="Chưa xác nhận: "&COUNTIF($I$6:$I$400,"Chưa xác nhận") -> Chưa xác nhận: 1 | J4: ="Cắt / hoãn: "&COUNTIF($I$6:$I$400,"Cắt / hoãn") -> Cắt / hoãn: 10 | K4: ="Tỷ lệ xong: "&TEXT(IFERROR(COUNTIF($I$6:$I$400,"Xong")/(COUNTA($C$6:$C$400)-COUNTIF($I$6:$I$400,"Cắt / hoãn")),0),"0%") -> Tỷ lệ xong: 0%
A5: STT | B5: Nhóm | C5: Mã | D5: Nội dung | E5: Sprint | F5: Phụ trách | G5: SP | H5: Ưu tiên | I5: Trạng thái | J5: Ghi chú / bằng chứng | K5: Nguồn | L5: Người xác nhận | M5: Ngày xong
A6: 1 | B6: Việc chặn & cần chốt | C6: DEC-HOME-DISCOVER | D6: Tách Trang chủ (tin tức + sự kiện do staff đăng) và Discover (sự kiện do thành viên đăng). Cập nhật doc 10 §3 và doc 14 J2; quyết định số phận composer / bài đăng cộng đồng đang ở "/" (module post). | F6: Founder + TV1 | I6: Cần chốt | J6: Quyết định của chủ dự án 19/09; lệch tài liệu hiện hành. Tinh gọn: Tách Trang chủ + tin tức là phạm vi ngoài 359 SP tinh gọn; Founder phải chỉ ra phần bù trước khi nhận | K6: Mockup ② home, discover
A7: 2 | B7: Việc chặn & cần chốt | C7: DEC-SWIPE | D7: Chế độ lướt kiểu Tinder trong Discover: bật ngay từ MVP hay giữ cổng G1 (≥ 40 sự kiện mở / 7 ngày) + G2 (≥ 12 thẻ hợp lệ / người) theo doc 14 §8. | F7: Founder | I7: Cần chốt | J7: Doc 14 khuyến nghị sớm nhất M4–M5. Tinh gọn: Lịch L0–L12 không có SP cho swipe; nếu bật phải cắt phần khác | K7: Mockup ⑤ deck · Doc 14 §7–8
A8: 3 | B8: Việc chặn & cần chốt | C8: DEC-ONBOARDING | D8: Onboarding theo UC-05 (6 khu vực, bước 3 là ngôn ngữ) thay cho F-02 doc 10 (12 khu vực, bước 3 là expat_type). | F8: Founder | I8: Cần chốt | K8: Mockup ① onb-1…3
A9: 4 | B9: Việc chặn & cần chốt | C9: DEC-WEEKSTART | D9: Ngày đầu tuần cho bộ lọc "Tuần này": Thứ Hai cho cả EN/VI hay theo ngôn ngữ. | F9: Founder | I9: Cần chốt | J9: Mockup Trang chủ dùng Thứ Hai; lịch Discover đổi theo ngôn ngữ. | K9: Mockup ② home, calendar
A10: 5 | B10: Việc chặn & cần chốt | C10: DEC-TOKENS | D10: Design token: doc 10 §12 (teal #0E7C74 + Inter) hay code (xanh #0EA5E9 + Be Vietnam Pro). | F10: TV1 | I10: Cần chốt | J10: Mockup theo code. Tinh gọn: Phải chốt trước khi Founder gửi brief cho Designer thuê ngoài (TG-M0-1; doc 00 đặt hạn token trước 21/09), dù mục nằm ở checklist M2; @dnc/tokens hiện lệch doc 10 §12 (xem E1-S5); TV1 áp token vào web | K10: Doc 10 §12 · Doc 14 §8.0
A11: 6 | B11: Story | C11: E4-S1 | D11: Mô hình dữ liệu sự kiện + PostGIS + areas | E11: L2 | F11: TV1 | G11: 8 | H11: MUST | I11: Một phần | J11: Module event + PostGIS + bảng areas đã có. Theo ghi chú phiên 01–02/09, chưa kiểm chứng lại bằng code. | K11: Theo ghi chú phiên 01–02/09, chưa kiểm chứng lại bằng code
A12: 7 | B12: Story | C12: E4-S2 | D12: API tạo hoạt động: nháp → đăng | E12: L3 | F12: TV1 | G12: 8 | H12: MUST | I12: Một phần | J12: Tạo và đăng sự kiện chạy end-to-end trên web. Theo ghi chú phiên 01–02/09, chưa kiểm chứng lại bằng code. | K12: Theo ghi chú phiên 01–02/09, chưa kiểm chứng lại bằng code
A13: 8 | B13: Story | C13: E4-S3 | D13: API sửa / huỷ hoạt động | E13: L3 | F13: TV1 | G13: 5 | H13: MUST | I13: Một phần | J13: API sự kiện CRUD đầy đủ. Theo ghi chú phiên 01–02/09, chưa kiểm chứng lại bằng code. | K13: Theo ghi chú phiên 01–02/09, chưa kiểm chứng lại bằng code
A14: 9 | B14: Story | C14: E4-S4 | D14: Ảnh bìa + ảnh minh hoạ | E14: L2 | F14: TV1 | G14: 5 | H14: MUST | I14: Một phần | J14: Module media + MinIO đã có. Theo ghi chú phiên 01–02/09, chưa kiểm chứng lại bằng code. Tinh gọn: Ảnh đi qua dịch vụ lưu ảnh có sẵn của E3-S2 | K14: Theo ghi chú phiên 01–02/09, chưa kiểm chứng lại bằng code
A15: 10 | B15: Story | C15: E4-S6 | D15: Form tạo hoạt động nhiều bước trên web, tự lưu nháp, xem trước | E15: L3 | F15: TV1 | G15: 8 | H15: MUST | I15: Một phần | J15: Web đang dùng một form đơn; doc yêu cầu wizard 4 bước + tự lưu nháp + xem trước (mockup ③ create-1…4). Tinh gọn: Rút gọn còn 8 SP: một trang cuộn dài + tự lưu nháp, không chia bước, không xem trước đầy đủ; form một trang hiện có đã đúng hướng; tối ưu điện thoại (bù E4-S7) làm ở L9 (M5) | K15: Theo ghi chú phiên 01–02/09, chưa kiểm chứng lại bằng code · Doc 08 §10.2
A16: 11 | B16: Story | C16: E3-S1 | D16: Tạo hồ sơ: ảnh, giới thiệu, ngôn ngữ, khu vực, sở thích | E16: L2 | F16: TV2 | G16: 8 | H16: MUST | I16: Một phần | J16: Module profile + profile-editor đã có; chưa có onboarding 3 bước. Tinh gọn: Hồ sơ chỉ sửa trên web (E3-S5 hoãn); TV2 làm onboarding/profile-editor | K16: Theo ghi chú phiên 01–02/09, chưa kiểm chứng lại bằng code
A17: 12 | B17: Story | C17: E3-S2 | D17: Tải ảnh nhanh + phục vụ qua CDN | E17: L2 | F17: TV2 | G17: 3 | H17: MUST | I17: Một phần | J17: Upload lên MinIO có tiến độ; chưa có CDN. Tinh gọn: Dùng dịch vụ lưu ảnh có sẵn thay pipeline tự dựng, còn 3 SP; phụ thuộc nhà cung cấp, chi phí theo lưu lượng | K17: Theo ghi chú phiên 01–02/09, chưa kiểm chứng lại bằng code · Doc 08 §10.2
A18: 13 | B18: Story | C18: E5-S1 | D18: Từ điển khu vực Đà Nẵng có ranh giới thật | E18: L2 | F18: TV3 | G18: 5 | H18: MUST | I18: Một phần | J18: Seed 6 khu vực + polygon trong packages/geo; ranh giới thật chưa được Product ký duyệt. Tinh gọn: Phần còn lại chủ yếu là Founder ký duyệt ranh giới 6 khu vực (không viết code); TV3 sửa polygon trong packages/geo và seed; không bao giờ cắt (NT-2) | Cập nhật 03/10/2026: API khu vực xong: GET /api/v1/areas (?mvp=true), /areas/resolve, /areas/:id; e2e area 9/9 (commit 1dbd2a1). Còn Founder ký ranh giới 6 khu vực. | K18: Theo ghi chú phiên 01–02/09, chưa kiểm chứng lại bằng code
A19: 14 | B19: Story | C19: E2-S5 | D19: Đăng nhập Facebook | F19: Founder | G19: 3 | H19: SHOULD | I19: Cắt / hoãn | J19: Tinh gọn: Nhóm B CẮT, thu hồi 3 SP: chỉ giữ email + Google; mất một phần expat quen dùng Facebook | K19: Doc 08 §6 · Doc 08 §10.2
A20: 15 | B20: Story | C20: E1-S10 | D20: Công tắc đổi ngôn ngữ EN ↔ VI trên web + mobile | E20: L2 | F20: TV2 | G20: 5 | H20: MUST | I20: Một phần | J20: Web có công tắc EN/VI; mobile chưa có app. Tinh gọn: Không có app native: phần mobile là web trên trình duyệt điện thoại; chuỗi VI tạm tới khi nạp bản dịch thuê ngoài ở L11 | K20: Theo ghi chú phiên 01–02/09, chưa kiểm chứng lại bằng code
A21: 16 | B21: Story | C21: E5-S2 | D21: API lọc: loại hình, khu vực, thời gian, ngôn ngữ, mức phí | E21: L4 | F21: TV1 | G21: 13 | H21: MUST | I21: Chưa làm | J21: Tinh gọn: Không bao giờ cắt (NT-2) | K21: Doc 08 §6
A22: 17 | B22: Story | C22: E5-S3 | D22: Truy vấn bán kính quanh vị trí người dùng | E22: L4 | F22: TV1 | G22: 8 | H22: MUST | I22: Một phần | J22: Truy vấn bán kính PostGIS có trong module event. Theo ghi chú phiên 01–02/09, chưa kiểm chứng lại bằng code. Tinh gọn: Nhóm C nhưng vẫn giữ: quyết định 19/09 chỉ cắt A+B, và NT-2 (08:1554) cũng ghi giữ nguyên; chỉ hoãn khi Founder ký dùng nhóm C | K22: Theo ghi chú phiên 01–02/09, chưa kiểm chứng lại bằng code
A23: 18 | B23: Story | C23: E5-S4 | D23: Tìm theo từ khoá ("badminton") | E23: L4 | F23: TV1 | G23: 5 | H23: MUST | I23: Chưa làm | K23: Doc 08 §6
A24: 19 | B24: Story | C24: E5-S5 | D24: Trang khám phá web: chip lọc, sắp xếp, tải thêm | E24: L4 | F24: TV1 | G24: 9 | H24: MUST | I24: Chưa làm | J24: Tinh gọn: Rút gọn còn 9 SP: chip lọc cơ bản + tải thêm; bỏ sắp xếp theo khoảng cách ở bản đầu | K24: Doc 08 §6 · Doc 08 §10.2
A25: 20 | B25: Story | C25: E5-S6 | D25: Bản đồ Đà Nẵng, gom cụm điểm theo khu vực | F25: Founder | G25: 8 | H25: MUST | I25: Cắt / hoãn | J25: Tinh gọn: Nhóm B HOÃN chỉ phần hiển thị bản đồ, KHÔNG hoãn lọc khu vực; thay bằng danh sách nhóm theo 6 khu vực (TG-M2-4) | K25: Doc 08 §6 · Doc 08 §10.2
A26: 21 | B26: Story | C26: E4-S8 | D26: Trang chi tiết sự kiện công khai, SEO + OG image | E26: L3 | F26: TV1 | G26: 8 | H26: MUST | I26: Một phần | J26: Trang /events/[id] có; chưa kiểm SEO/OG image. Tinh gọn: Giữ nguyên: thay màn chi tiết mobile (E4-S9 hoãn) và là cửa vào chính từ Facebook/Google khi không có cửa hàng ứng dụng | K26: Theo ghi chú phiên 01–02/09, chưa kiểm chứng lại bằng code
A27: 22 | B27: Story | C27: E4-S9 | D27: Màn chi tiết hoạt động trên mobile + deep link chia sẻ | F27: Founder | G27: 8 | H27: MUST | I27: Cắt / hoãn | J27: Tinh gọn: Nhóm A HOÃN: không có app native; trang chi tiết web E4-S8 thay thế | K27: Doc 08 §6 · Doc 08 §10.2
A28: 23 | B28: Story | C28: E12-S1 | D28: 3 profile EAS Build + versioning tự động | F28: Founder | G28: 5 | H28: MUST | I28: Cắt / hoãn | J28: Tinh gọn: Nhóm A HOÃN toàn bộ E12; không phát hành cửa hàng ở M6 | K28: Doc 08 §6 · Doc 08 §10.2
A29: 24 | B29: DoD bổ sung | C29: S2-DoD-1 | D29: Cột chủ sự kiện đặt tên đúng events.host_user_id. Chạy grep -rn "creator_id\|organizer_id" apps/api/src phải trả về rỗng | E29: L2 | F29: TV1 | I29: Chưa làm | K29: Doc 08 §6
A30: 25 | B30: DoD bổ sung | C30: S2-DoD-2 | D30: events.status là enum chữ thường: draft, published, cancelled, completed | E30: L2 | F30: TV1 | I30: Chưa làm | K30: Doc 08 §6
A31: 26 | B31: DoD bổ sung | C31: S2-DoD-3 | D31: Mọi events được tạo đều sinh tối thiểu 1 dòng event_occurrences — kể cả sự kiện không lặp lại. Có test: tạo sự kiện đơn → SELECT count() FROM event_occurrences WHERE event_id = ? trả về đúng 1 | E31: L2 | F31: TV1 | I31: Chưa làm | K31: Doc 08 §6
A32: 27 | B32: DoD bổ sung | C32: S2-DoD-4 | D32: starts_at / ends_at lưu UTC; form nhập theo Asia/Ho_Chi_Minh và test có ca nhập 23:30 giờ Việt Nam để bắt lỗi lệch ngày | E32: L3 | F32: TV1 | I32: Chưa làm | J32: Tinh gọn: TV1 viết ca Playwright nhập 23:30 trên form web (không có QA thường trực) | K32: Doc 08 §6
A33: 28 | B33: DoD bổ sung | C33: S2-DoD-5 | D33: Index GIST trên events.location đã có; EXPLAIN một truy vấn ST_DWithin cho thấy dùng index | E33: L2 | F33: TV1 | I33: Chưa làm | K33: Doc 08 §6
A34: 29 | B34: DoD bổ sung | C34: S2-DoD-6 | D34: Bảng areas seed phân cấp đầy đủ, nhưng bộ lọc chỉ phơi ra đúng 6 khu vực MVP: An Thượng, Mỹ Khê, Mỹ An, Hải Châu, Sơn Trà, Ngũ Hành Sơn. Có test kiểm tra endpoint GET /api/v1/areas?mvp=true trả đúng 6 phần tử | E34: L2 | F34: TV3 | I34: Một phần | J34: Cập nhật 03/10/2026: GET /api/v1/areas?mvp=true trả đúng 6 khu vực, có test (area.e2e.spec.ts). Còn seed phân cấp đầy đủ: cần migration thêm cột cấp/parent cho areas, chưa làm. | K34: Doc 08 §6
A35: 30 | B35: DoD bổ sung | C35: S2-DoD-7 | D35: events.source ∈ self_serve | curated, bắt buộc, không null | E35: L2 | F35: TV1 | I35: Chưa làm | K35: Doc 08 §6
A36: 31 | B36: DoD bổ sung | C36: S2-DoD-8 | D36: Ảnh: giới hạn 8 MB/ảnh, tự nén, sinh 3 kích cỡ, trả qua CDN, thời gian tải ảnh bìa trên 4G mô phỏng < 1,5 giây | E36: L2 | F36: TV2 | I36: Chưa làm | J36: Tinh gọn: Nén, 3 kích cỡ và CDN do dịch vụ lưu ảnh có sẵn đảm nhận; TV2 cấu hình và đo trên 4G mô phỏng | K36: Doc 08 §6
A37: 32 | B37: DoD bổ sung | C37: S3-DoD-1 | D37: GET /api/v1/events phân trang bằng cursor (starts_at, id), không dùng OFFSET | E37: L4 | F37: TV1 | I37: Chưa làm | K37: Doc 08 §6
A38: 33 | B38: DoD bổ sung | C38: S3-DoD-2 | D38: Kiểm thử hiệu năng: seed 10.000 sự kiện + 30.000 occurrence, p95 < 200 ms cho truy vấn có đủ 5 điều kiện lọc; kết quả đo dán vào issue | E38: L4 | F38: TV1 | I38: Chưa làm | K38: Doc 08 §6
A39: 34 | B39: DoD bổ sung | C39: S3-DoD-3 | D39: Trả kèm facets đếm theo category và theo area; chip lọc hiển thị badge số thật, không phải số giả | E39: L4 | F39: TV1 | I39: Chưa làm | K39: Doc 08 §6
A40: 35 | B40: DoD bổ sung | C40: S3-DoD-4 | D40: Cache Redis TTL 60 giây, có test chứng minh cache bị huỷ khi có sự kiện mới published trong cùng area_id | E40: L4 | F40: TV1 | I40: Chưa làm | K40: Doc 08 §6
A41: 36 | B41: DoD bổ sung | C41: S3-DoD-5 | D41: Lọc "An Thượng" trả về đúng tập sự kiện nằm trong polygon an-thuong, đối chiếu thủ công 10 sự kiện mẫu | E41: L4 | F41: TV1 | I41: Chưa làm | J41: Tinh gọn: Founder đối chiếu thủ công 10 mẫu với tư cách người thứ hai (DoD-9) | K41: Doc 08 §6
A42: 37 | B42: DoD bổ sung | C42: S3-DoD-6 | D42: Trang chi tiết đạt Lighthouse SEO ≥ 95, có og:image sinh động (tiêu đề + ngày + khu vực), đọc được không cần đăng nhập, không cần cài app | E42: L3 | F42: TV1 | I42: Chưa làm | K42: Doc 08 §6
A43: 38 | B43: DoD bổ sung | C43: S3-DoD-7 | D43: Deep link danangconnect://events/{id} và universal link HTTPS đều mở đúng màn hình trên iOS và Android thật | F43: Founder | I43: Cắt / hoãn | J43: Tinh gọn: Scheme danangconnect:// và universal link chỉ có nghĩa khi có app native (E4-S9 hoãn); link HTTPS mở trang web đã được kiểm ở S3-DoD-6 và M2-9 | K43: Doc 08 §6 · Doc 08 §10.2
A44: 39 | B44: DoD bổ sung | C44: S3-DoD-8 | D44: Bản đồ: 500 điểm không làm rớt khung hình dưới 45 fps trên máy tầm trung | F44: Founder | I44: Cắt / hoãn | J44: Tinh gọn: Chỉ kiểm bản đồ web đã hoãn (E5-S6) | K44: Doc 08 §6 · Doc 08 §10.2
A45: 40 | B45: Nghiệm thu | C45: M2-1 | D45: Tạo, sửa, huỷ hoạt động trên web hoạt động đầy đủ, gồm tự lưu nháp và xem trước | F45: TV1 | I45: Chưa làm | J45: Bằng chứng: Video. Tinh gọn: Xem trước chỉ ở mức rút gọn của E4-S6 (form một trang); Founder ký nghiệm thu theo tiêu chí đã rút | K45: Doc 08 §7
A46: 41 | B46: Nghiệm thu | C46: M2-2 | D46: Mỗi events sinh tối thiểu 1 event_occurrences, kể cả sự kiện không lặp lại | F46: TV1 | I46: Chưa làm | J46: Bằng chứng: Test + truy vấn SQL | K46: Doc 08 §7
A47: 42 | B47: Nghiệm thu | C47: M2-3 | D47: Cột chủ sự kiện tên đúng events.host_user_id; grep creator_id/organizer_id rỗng | F47: TV1 | I47: Chưa làm | J47: Bằng chứng: Kết quả grep | K47: Doc 08 §7
A48: 43 | B48: Nghiệm thu | C48: M2-4 | D48: Bộ lọc phơi đúng 6 khu vực MVP: An Thượng, Mỹ Khê, Mỹ An, Hải Châu, Sơn Trà, Ngũ Hành Sơn | F48: TV1 + TV3 | I48: Một phần | J48: Bằng chứng: Ảnh giao diện + test API | Cập nhật 03/10/2026: Phía API của TV3 xong (?mvp=true trả đúng 6 khu vực, có test). Giao diện bộ lọc là phần TV1. | K48: Doc 08 §7
A49: 44 | B49: Nghiệm thu | C49: M2-5 | D49: Lọc theo loại hình / khu vực / khoảng thời gian / ngôn ngữ / mức phí đều đúng, có facets đếm thật | F49: TV1 | I49: Chưa làm | J49: Bằng chứng: Video + so khớp 10 mẫu | K49: Doc 08 §7
A50: 45 | B50: Nghiệm thu | C50: M2-6 | D50: Truy vấn bán kính ST_DWithin dùng index GIST; p95 < 200 ms với 10.000 sự kiện | F50: TV1 | I50: Chưa làm | J50: Bằng chứng: Báo cáo đo + EXPLAIN. Tinh gọn: Giữ vì E5-S3 (nhóm C) không bị cắt | K50: Doc 08 §7
A51: 46 | B51: Nghiệm thu | C51: M2-7 | D51: Bản đồ Đà Nẵng hiển thị đúng khu vực, gom cụm, ≥ 45 fps với 500 điểm | F51: Founder | I51: Cắt / hoãn | J51: Bằng chứng: Video. Tinh gọn: Bản đồ web hoãn (E5-S6); nghiệm thu thay bằng danh sách nhóm theo 6 khu vực (TG-M2-4) | K51: Doc 08 §7 · Doc 08 §10.2
A52: 47 | B52: Nghiệm thu | C52: M2-8 | D52: Trang chi tiết công khai đọc được không cần đăng nhập, Lighthouse SEO ≥ 95, og:image sinh động | F52: TV1 | I52: Chưa làm | J52: Bằng chứng: Báo cáo Lighthouse + preview Facebook | K52: Doc 08 §7
A53: 48 | B53: Nghiệm thu | C53: M2-9 | D53: Mobile: xem chi tiết + deep link chia sẻ hoạt động trên thiết bị thật | F53: TV1 | I53: Chưa làm | J53: Bằng chứng: Video. Tinh gọn: Không có app native: nghiệm thu trang chi tiết web trên iPhone + Android thật và chia sẻ link HTTPS; deep link vào app hoãn cùng E4-S9 | K53: Doc 08 §7
A54: 49 | B54: Nghiệm thu | C54: M2-10 | D54: (nấc M2+, hạn 13/11) Feed khám phá mobile · (nấc M2++, hạn 27/11) Tạo sự kiện trên mobile | F54: Founder | I54: Cắt / hoãn | J54: Bằng chứng: Video từng nấc. Tinh gọn: Nấc M2+ (E5-S7) và M2++ (E4-S7) hoãn cùng nhánh native; bù bằng form web tối ưu điện thoại, dán được link Google Maps, và PWA ở L9 (M5) | K54: Doc 08 §7 · Doc 08 §10.2
A55: 50 | B55: Demo | C55: S2-Demo-1 | D55: Đăng nhập bằng tài khoản thật → hoàn thiện hồ sơ có ảnh, ngôn ngữ nói, khu vực "An Thượng" | E55: L2 | F55: TV2 | I55: Chưa làm | J55: Tinh gọn: Làm trên web; hồ sơ mobile (E3-S5) hoãn | K55: Doc 08 §6
A56: 51 | B56: Demo | C56: S2-Demo-2 | D56: Tạo hoạt động "Sunday Beach Volleyball · My Khe" qua form 4 bước, thoát giữa chừng, quay lại → nháp còn nguyên | E56: L3 | F56: TV1 | I56: Chưa làm | J56: Tinh gọn: Form một trang thay form 4 bước (E4-S6 rút gọn); vẫn chứng minh nháp còn nguyên | K56: Doc 08 §6
A57: 52 | B57: Demo | C57: S2-Demo-3 | D57: Đăng hoạt động → mở lại API GET /api/v1/events/{id} cho thấy host_user_id, status: "published", source: "self_serve", và đúng 1 occurrence | E57: L3 | F57: TV1 | I57: Chưa làm | K57: Doc 08 §6
A58: 53 | B58: Demo | C58: S2-Demo-4 | D58: Chạy SQL trực tiếp trên staging chứng minh location rơi đúng trong polygon my-khe | E58: L2 | F58: TV1 | I58: Chưa làm | K58: Doc 08 §6
A59: 54 | B59: Demo | C59: S2-Demo-5 | D59: Đổi ngôn ngữ sang tiếng Việt trên cả web và mobile, toàn bộ nhãn đổi theo | E59: L2 | F59: TV2 | I59: Chưa làm | J59: Tinh gọn: Phần mobile = web trên trình duyệt điện thoại; chuỗi VI tạm tới khi nạp bản dịch thuê ngoài ở L11 | K59: Doc 08 §6
A60: 55 | B60: Demo | C60: S3-Demo-1 | D60: Trang khám phá web: bấm chip "My An" + "Language exchange" + "Weekend" → danh sách rút còn đúng những buổi phù hợp, badge số trên chip khớp | E60: L4 | F60: TV1 | I60: Chưa làm | K60: Doc 08 §6
A61: 56 | B61: Demo | C61: S3-Demo-2 | D61: Bật định vị trình duyệt tại văn phòng → "trong 2 km quanh tôi" trả kết quả hợp lý | E61: L4 | F61: TV1 | I61: Chưa làm | J61: Tinh gọn: Chỉ lọc bán kính; không sắp xếp theo khoảng cách (E5-S5 rút gọn) | K61: Doc 08 §6
A62: 57 | B62: Demo | C62: S3-Demo-3 | D62: Gõ "badminton" → kết quả hiện dưới 300 ms | E62: L4 | F62: TV1 | I62: Chưa làm | K62: Doc 08 §6
A63: 58 | B63: Demo | C63: S3-Demo-4 | D63: Chuyển sang chế độ bản đồ → cụm điểm theo khu vực, bấm cụm thì mở ra | F63: Founder | I63: Cắt / hoãn | J63: Tinh gọn: Chế độ bản đồ hoãn (E5-S6); demo thay bằng danh sách nhóm theo 6 khu vực (TG-M2-4) | K63: Doc 08 §6 · Doc 08 §10.2
A64: 59 | B64: Demo | C64: S3-Demo-5 | D64: Copy link một sự kiện, dán vào ô soạn bài Facebook → preview hiện ảnh OG đúng | E64: L3 | F64: TV1 | I64: Chưa làm | K64: Doc 08 §6
A65: 60 | B65: Demo | C65: S3-Demo-6 | D65: Quét deep link bằng iPhone thật → app mở thẳng màn chi tiết sự kiện đó | F65: Founder | I65: Cắt / hoãn | J65: Tinh gọn: Chỉ có ở app native: deep link mở thẳng app (E4-S9 hoãn, cùng lý do cắt S3-DoD-7); PWA trên iOS không bắt được link nên không thay thế được; việc mở link trên điện thoại thật đã được kiểm ở M2-9 | K65: Doc 08 §6 · Doc 08 §10.2
A66: 61 | B66: Việc ngoài SP | C66: S2-Ops-0 | D66: Community Manager bắt đầu playbook curate — mở sổ theo dõi 20 organizer mục tiêu, ghi nguồn công khai, chưa nhập vào hệ thống (chờ Admin Console ở S6, giai đoạn này nhập vào bảng tính). | E66: L2 | F66: Founder | I66: Chưa xác nhận | J66: Tinh gọn: Admin Curation Console dời sang L8 (04/01/2027); nhập bảng tính tới khi đó | K66: Doc 08 §6
A67: 62 | B67: Bổ sung từ mockup | C67: MK-NEWS-01 | D67: Bảng news_articles (song ngữ, tag, related_event_id, published / relevant / evergreen) + GET /api/v1/news, /news/:id. | F67: TV3 | I67: Chưa làm | J67: Tinh gọn: Ngoài 359 SP tinh gọn; chỉ nhận khi DEC-HOME-DISCOVER chốt và Founder chỉ ra phần bù | K67: Mockup ② home, news-article
A68: 63 | B68: Bổ sung từ mockup | C68: MK-NEWS-02 | D68: Trang chủ biên tập: tin nổi bật + lưới tin, khối "Picked by our team" (SourceBadge + dòng nguồn + Interested), hàng Hướng dẫn, trang đọc bài. | F68: TV3 | I68: Chưa làm | J68: Tinh gọn: Ngoài 359 SP tinh gọn; chỉ nhận khi DEC-HOME-DISCOVER chốt và Founder chỉ ra phần bù | K68: Mockup ② home, news-article
A69: 64 | B69: Bổ sung từ mockup | C69: MK-TIME-01 | D69: Bộ lọc Hôm nay / Tuần này / Tháng này / Chọn ngày cho Trang chủ và Discover; from/to theo Asia/Ho_Chi_Minh, lưu UTC; giữ trên URL; sự kiện lặp hiện một thẻ. | F69: TV1 | I69: Chưa làm | J69: Tinh gọn: API from/to đã nằm trong E5-S2 (L4); chip thời gian trên Discover có thể đi cùng chip lọc cơ bản của E5-S5; phần Trang chủ phụ thuộc DEC-HOME-DISCOVER, ngoài 359 SP | K69: Mockup ② home (range=day|week|month)
A70: 65 | B70: Bổ sung từ mockup | C70: MK-DISC-01 | D70: Discover chỉ sự kiện events.source = self_serve; thẻ có ★ điểm host + 💬 số bình luận; sắp xếp Top rated; khối "What people say". | F70: TV1 | I70: Chưa làm | J70: Tinh gọn: Điểm host, bình luận, Top rated ngoài 359 SP tinh gọn; cần Founder chốt phần bù | K70: Mockup ② discover
A71: 66 | B71: Bổ sung từ mockup | C71: MK-DETAIL-01 | D71: Trang chi tiết: bình luận trả lời 1 cấp, host ghim, sắp xếp Mới nhất / Nổi bật; "Xem bản dịch" chỉ khi khác ngôn ngữ giao diện (nối comment API có sẵn, T-05). | F71: TV1 | I71: Chưa làm | J71: Tinh gọn: Ngoài 359 SP tinh gọn; comment API đã có (T-05), cần Founder chốt phần bù trước khi nhận | K71: Mockup ③ event
A72: 67 | B72: Bổ sung từ mockup | C72: MK-SWIPE-01 | D72: Swipe trong dòng (PA B): Lưu / Chia sẻ / Bỏ qua, toast hoàn tác 6 giây, nút ♡ và ⋯ luôn hiện; bảng occurrence_dismissals (hết hạn 14 ngày). | F72: TV1 | I72: Chưa làm | J72: Khoảng 11 ngày-người theo doc 14. Tinh gọn: Không có nhánh mobile: chỉ web/PWA; khoảng 11 ngày-người ngoài 359 SP, phụ thuộc DEC-SWIPE | K72: Mockup ⑤ inline · Doc 14 §8.2
A73: 68 | B73: Bổ sung từ mockup | C73: MK-SWIPE-02 | D73: Deck "Plan your week" (tối đa 12 thẻ, vuốt phải = Lưu, kéo lên mở sheet xác nhận RSVP, màn tổng kết cảnh báo trùng giờ). | F73: TV1 | I73: Chưa làm | J73: Chỉ làm nếu DEC-SWIPE chốt bật. Tinh gọn: Chỉ web/PWA; ngoài 359 SP, chỉ làm nếu DEC-SWIPE chốt bật | K73: Mockup ⑤ deck, deck-summary
A74: 69 | B74: Bổ sung kịch bản tinh gọn | C74: TG-M2-1 | D74: Nhận bàn giao gói Designer thuê ngoài: design token + 20 màn hình + tài sản hình ảnh, trong 4 tuần kể từ ngày ký | E74: L3 | F74: Thuê ngoài: Designer | H74: MUST | I74: Chưa làm | J74: Hợp đồng 45 triệu (GĐ A) do Founder ký ở TG-M0-1. Ký trong tuần 21/09 thì hạn giao khoảng 19/10 (đầu L3), kịp form E4-S6 và trang chi tiết E4-S8 ở L3, trang khám phá E5-S5 ở L4. Phần 'tài sản cửa hàng' của gói (08:1518) đổi sang icon/splash PWA + ảnh OG vì E12 hoãn, chờ Founder chốt. Founder duyệt bản giao; TV1 nạp token vào @dnc/tokens; mỗi thành viên dựng màn hình thuộc chức năng của mình. | K74: Doc 08 §9.2 · 08:1518; §11.3 · 08:1789
A75: 70 | B75: Bổ sung kịch bản tinh gọn | C75: TG-M2-4 | D75: Danh sách sự kiện nhóm theo 6 khu vực MVP, mỗi khu vực có ảnh đại diện — thay cho bản đồ web (E5-S6 hoãn); lọc theo khu vực giữ nguyên | E75: L4 | F75: TV1 | H75: MUST | I75: Chưa làm | J75: Thay nghiệm thu M2-7 và demo S3-Demo-4; ảnh đại diện lấy từ gói Designer (TG-M2-1) hoặc TV1 tự làm; doc 08 chưa ước lượng SP | K75: Doc 08 §10.2 · 08:1594; §10.5 · 08:1697
A76: 71 | B76: Bổ sung kịch bản tinh gọn | C76: TG-M2-5 | D76: Playwright E2E cho luồng M2 trên web: tạo/sửa/huỷ + tự lưu nháp, lọc 6 khu vực + facets, trang chi tiết công khai không cần đăng nhập | E76: L4 | F76: TV1 | H76: MUST | I76: Chưa làm | J76: Thay kiểm thử của QA thường trực; chạy trên hạ tầng Playwright của T-14 (M1); TV1 giữ e2e API theo DoD-3 | K76: Doc 08 §9.2 · 08:1526
A77: 72 | B77: Bổ sung kịch bản tinh gọn | C77: TG-M2-6 | D77: Điểm kiểm soát ngân sách tinh gọn tại M2: đã tiêu ≈ 255 triệu — sản phẩm đã chạy được trên staging chưa? Nếu không: dừng tuyển, rà soát lại đội | E77: L4 | F77: Founder | H77: MUST | I77: Chưa làm | J77: §11.4 ghi 30/10/2026 theo lịch đủ đội; kịch bản tinh gọn đối chiếu tại gate 13/11/2026 | K77: Doc 08 §11.4 · 08:1813

Sheet M3
A1: M3 · RSVP + Waitlist + Thông báo — chốt 11/12/2026 · Sprint L5, L6
A2: Mục tiêu: L5 — 16/11 – 27/11/2026: RSVP + sức chứa + WAITLIST, hàng đợi BullMQ L6 — 30/11 – 11/12/2026: Dịch vụ thông báo, email, nhắc T‑24h và T‑2h, Web Push cho PWA
A3: Nếu trượt: M3-3 (waitlist) là MUST của MVP, không được hoãn. Nếu tuần W09 kết thúc mà E6-S3 chưa xong, cắt ngay E5-S7 khỏi S4 và dồn toàn bộ nhánh backend vào RSVP. Nấc M2+ lùi sang S5. Tinh gọn: E5-S7 đã hoãn theo nhóm A nên không còn story mobile để cắt thay. Nếu hết L5 (27/11/2026) mà E6-S3 chưa xong thì dời MK-MY-01, MK-MY-02 và MK-MY-03 (đều là việc của TV1: GET /me/agenda, giữ chỗ 12 giờ, .ics feed) ra khỏi M3 để TV1 dồn sức vào waitlist; MK-RSVP-01 chỉ là việc web nên giữ lại. L6 còn trống khoảng 7 SP để nhận phần dời từ L5. Không dùng nhóm C để bù (chỉ dùng khi buộc giữ ngày 18/03/2027, 08:1558). Mốc M3 vẫn là 11/12/2026.
A4: Tiến độ | C4: =COUNTA($C$6:$C$400)&" mục" -> 40 mục | D4: ="Xong: "&COUNTIF($I$6:$I$400,"Xong") -> Xong: 0 | E4: ="Một phần: "&COUNTIF($I$6:$I$400,"Một phần") -> Một phần: 4 | F4: ="Chưa làm: "&COUNTIF($I$6:$I$400,"Chưa làm") -> Chưa làm: 33 | G4: ="Bị chặn: "&COUNTIF($I$6:$I$400,"Bị chặn") -> Bị chặn: 0 | H4: ="Cần chốt: "&COUNTIF($I$6:$I$400,"Cần chốt") -> Cần chốt: 1 | I4: ="Chưa xác nhận: "&COUNTIF($I$6:$I$400,"Chưa xác nhận") -> Chưa xác nhận: 0 | J4: ="Cắt / hoãn: "&COUNTIF($I$6:$I$400,"Cắt / hoãn") -> Cắt / hoãn: 2 | K4: ="Tỷ lệ xong: "&TEXT(IFERROR(COUNTIF($I$6:$I$400,"Xong")/(COUNTA($C$6:$C$400)-COUNTIF($I$6:$I$400,"Cắt / hoãn")),0),"0%") -> Tỷ lệ xong: 0%
A5: STT | B5: Nhóm | C5: Mã | D5: Nội dung | E5: Sprint | F5: Phụ trách | G5: SP | H5: Ưu tiên | I5: Trạng thái | J5: Ghi chú / bằng chứng | K5: Nguồn | L5: Người xác nhận | M5: Ngày xong
A6: 1 | B6: Việc chặn & cần chốt | C6: DEC-MYEVENTS | D6: Gộp W-40 / W-44 / W-46 thành một màn "Sự kiện của tôi" dạng agenda; cập nhật doc 10. | F6: Founder + TV1 | I6: Cần chốt | J6: Tinh gọn: W-44 Đã lưu rơi khỏi phạm vi (E5-S10 hoãn); W-40 chỉ còn danh sách lọc theo host_user_id (E4-S10 rút gọn), nên màn gộp chủ yếu là W-46 cộng một danh sách tổ chức đơn giản | K6: Mockup ④ my-going
A7: 2 | B7: Story | C7: E6-S1 | D7: Mô hình rsvps gắn vào event_occurrences, có sức chứa + danh sách chờ | E7: L5 | F7: TV1 | G7: 8 | H7: MUST | I7: Một phần | J7: Module rsvp + schema event_occurrences có. Theo ghi chú phiên 01–02/09, chưa kiểm chứng lại bằng code. | K7: Theo ghi chú phiên 01–02/09, chưa kiểm chứng lại bằng code
A8: 3 | B8: Story | C8: E6-S2 | D8: Đăng ký / rút đăng ký, không bao giờ vượt sức chứa | E8: L5 | F8: TV1 | G8: 8 | H8: MUST | I8: Một phần | J8: Giữ chỗ dưới row lock, không vượt sức chứa. Theo ghi chú phiên 01–02/09, chưa kiểm chứng lại bằng code. | K8: Theo ghi chú phiên 01–02/09, chưa kiểm chứng lại bằng code
A9: 4 | B9: Story | C9: E6-S3 | D9: Đôn tự động từ danh sách chờ khi có người rút — MUST của MVP | E9: L5 | F9: TV1 | G9: 5 | H9: MUST | I9: Một phần | J9: Huỷ chỗ đôn người đầu hàng chờ trong cùng transaction nhưng chuyển thẳng "confirmed", chưa giữ chỗ 12 giờ, chưa thông báo (T-16). Tinh gọn: mốc tinh gọn là xong trong L5, trước 27/11/2026 (thay mốc 06/11 của đủ đội); không bao giờ cắt | K9: Theo ghi chú phiên 01–02/09, chưa kiểm chứng lại bằng code
A10: 5 | B10: Story | C10: E6-S7 | D10: Nút đăng ký trên trang chi tiết web, hiện số chỗ còn lại | E10: L5 | F10: TV1 | G10: 5 | H10: MUST | I10: Một phần | J10: Nút Join/Waitlist trên card và /events/[id] có. Theo ghi chú phiên 01–02/09, chưa kiểm chứng lại bằng code. Tinh gọn: số chỗ còn lại cập nhật bằng polling 30 giây khi trang đang mở. Đây là 2 SP còn lại của E7-S5 (CẮT WebSocket, 08:1597), nên tải thực của dòng này là 7 SP. Trang phải dùng tốt trên điện thoại vì không còn app native | K10: Theo ghi chú phiên 01–02/09, chưa kiểm chứng lại bằng code
A11: 6 | B11: Story | C11: E7-S1 | D11: Hàng đợi BullMQ + worker riêng + retry theo cấp số nhân | E11: L5 | F11: TV1 | G11: 5 | H11: MUST | I11: Chưa làm | K11: Doc 08 §6
A12: 7 | B12: Story | C12: E7-S2 | D12: Dịch vụ thông báo, template song ngữ EN/VI theo ngôn ngữ người nhận | E12: L6 | F12: TV1 | G12: 8 | H12: MUST | I12: Chưa làm | J12: Tinh gọn: giữ song ngữ EN/VI 8 SP vì chỉ nhóm C mới rút gọn mục này. TV1 làm dịch vụ và chọn ngôn ngữ theo người nhận, TV1 đặt khoá template EN/VI trong packages/i18n. Bản VI viết tạm cùng lúc với bản EN, dịch giả thuê ngoài rà lại khi nạp bản dịch ở L11 | K12: Doc 08 §6
A13: 8 | B13: Story | C13: E7-S3 | D13: Expo Push tới thiết bị thật | E13: L6 | F13: TV1 + TV2 | G13: 3 | H13: MUST | I13: Chưa làm | J13: Tinh gọn: thay Expo Push bằng Web Push (VAPID) cho PWA. TV1 lưu subscription và gửi, TV2 làm client trong service worker (dùng chung với PWA). iOS ≥ 16.4 chỉ nhận được khi người dùng đã thêm app vào màn hình chính, nên muốn kiểm trên iPhone thì cần manifest tối thiểu ngay ở L6 (chờ Founder + TV1 chốt; phần còn lại của gói PWA vẫn ở L9). Tỷ lệ nhận thấp hơn native | K13: Doc 08 §6 · Doc 08 §10.2
A14: 9 | B14: Story | C14: E7-S4 | D14: Email xác nhận RSVP + email nhắc | E14: L6 | F14: TV1 | G14: 5 | H14: MUST | I14: Chưa làm | J14: Tinh gọn: email là kênh chủ lực vì push trên PWA yếu hơn native; chừa sẵn link huỷ đăng ký trong footer cho bản rút gọn của E7-S7 | K14: Doc 08 §6
A15: 10 | B15: Story | C15: E7-S8 | D15: Nhắc T‑24h và T‑2h | E15: L6 | F15: TV1 | G15: 5 | H15: MUST | I15: Chưa làm | J15: Tinh gọn: không bao giờ cắt; nhắc T‑2h chỉ đi qua push nên trên PWA chỉ tới người đã bật Web Push, nhắc T‑24h qua email là chủ lực | K15: Doc 08 §6
A16: 11 | B16: Story | C16: E5-S7 | D16: Feed khám phá mobile + bảng lọc kéo lên (nấc M2+) | F16: Founder | G16: 13 | H16: MUST | I16: Cắt / hoãn | J16: Tinh gọn: hoãn theo nhóm A, không có repo mobile trong 7 tháng đầu; trên điện thoại dùng trang khám phá web (L4) của TV1 và PWA (L9) của TV2; Founder giữ trong backlog sau ra mắt | K16: Doc 08 §6 · Doc 08 §10.2
A17: 12 | B17: DoD bổ sung | C17: S4-DoD-1 | D17: Bảng rsvps có cột occurrence_id tham chiếu event_occurrences(id). Không có cột event_id trong rsvps — kiểm tra bằng test đọc information_schema.columns | E17: L5 | F17: TV1 | I17: Chưa làm | K17: Doc 08 §6
A18: 13 | B18: DoD bổ sung | C18: S4-DoD-2 | D18: UNIQUE (occurrence_id, user_id) | E18: L5 | F18: TV1 | I18: Chưa làm | K18: Doc 08 §6
A19: 14 | B19: DoD bổ sung | C19: S4-DoD-3 | D19: rsvps.status là enum chữ thường: going, waitlisted, cancelled, checked_in, no_show | E19: L5 | F19: TV1 | I19: Chưa làm | K19: Doc 08 §6
A20: 15 | B20: DoD bổ sung | C20: S4-DoD-4 | D20: Nhận chỗ dùng SELECT ... FOR UPDATE trên hàng event_occurrences, tính cả guest_count; going_count / waitlist_count cập nhật trong cùng transaction | E20: L5 | F20: TV1 | I20: Chưa làm | K20: Doc 08 §6
A21: 16 | B21: DoD bổ sung | C21: S4-DoD-5 | D21: Test tải bắt buộc: 200 request đồng thời vào occurrence có capacity = 50 → đúng 50 going, 150 waitlisted, thứ tự position liên tục 1..150, không có lỗ. Chạy 3 lần liên tiếp đều cho kết quả như nhau | E21: L5 | F21: TV1 | I21: Chưa làm | J21: Tinh gọn: không có QA thường trực nên TV1 tự viết và chạy k6; TV2 hoặc TV3 kiểm chéo kết quả | K21: Doc 08 §6
A22: 17 | B22: DoD bổ sung | C22: S4-DoD-6 | D22: Test đôn waitlist: người thứ 12 rút → người position = 1 chuyển sang going, position của phần còn lại dồn lên, người được đôn nhận push + email + in-app trong ≤ 60 giây | E22: L6 | F22: TV1 | I22: Chưa làm | J22: Tinh gọn: push là Web Push trên PWA; không còn trung tâm thông báo (E7-S6 hoãn) nên kênh in-app cần Founder + TV1 chốt cách hiểu | K22: Doc 08 §6
A23: 18 | B23: DoD bổ sung | C23: S4-DoD-7 | D23: Endpoint chính hoạt động: POST /api/v1/occurrences/{occurrenceId}/rsvps, DELETE /api/v1/occurrences/{occurrenceId}/rsvps/me, GET /api/v1/occurrences/{occurrenceId}/attendees | E23: L5 | F23: TV1 | I23: Chưa làm | K23: Doc 08 §6
A24: 19 | B24: DoD bổ sung | C24: S4-DoD-8 | D24: Đường tắt POST /api/v1/events/{eventId}/rsvps trỏ tới occurrence sắp diễn ra gần nhất; có test khẳng định trả 409 khi event có nhiều hơn một occurrence sắp tới | E24: L5 | F24: TV1 | I24: Chưa làm | K24: Doc 08 §6
A25: 20 | B25: DoD bổ sung | C25: S4-DoD-9 | D25: Nhắc T‑24h và T‑2h chạy đúng theo giờ địa phương Asia/Ho_Chi_Minh của sự kiện; có test cho sự kiện lúc 07:00 sáng (nhắc T‑24h rơi vào 07:00 hôm trước, T‑2h rơi vào 05:00 — kiểm tra không bị đẩy sang khung giờ cấm) | E25: L6 | F25: TV1 | I25: Chưa làm | K25: Doc 08 §6
A26: 21 | B26: DoD bổ sung | C26: S4-DoD-10 | D26: Job nhắc chống gửi trùng: chạy lại worker 3 lần không tạo thêm bản ghi gửi nào (khoá idempotency theo rsvp_id + reminder_type) | E26: L6 | F26: TV1 | I26: Chưa làm | K26: Doc 08 §6
A27: 22 | B27: DoD bổ sung | C27: S4-DoD-11 | D27: Không đăng ký được vào sự kiện đã bắt đầu hoặc đã cancelled → 422 có mã lỗi rõ | E27: L5 | F27: TV1 | I27: Chưa làm | K27: Doc 08 §6
A28: 23 | B28: Nghiệm thu | C28: M3-1 | D28: rsvps gắn vào occurrence_id; bảng không có cột event_id | F28: TV1 | I28: Chưa làm | J28: Bằng chứng: Test đọc information_schema | K28: Doc 08 §7
A29: 24 | B29: Nghiệm thu | C29: M3-2 | D29: 200 RSVP đồng thời vào 50 chỗ → đúng 50 going, 150 waitlisted, position liên tục, lặp 3 lần đều đúng | F29: TV1 | I29: Chưa làm | J29: Bằng chứng: Báo cáo k6 | K29: Doc 08 §7
A30: 25 | B30: Nghiệm thu | C30: M3-3 | D30: Waitlist đôn tự động khi có người rút; người được đôn nhận push + email + in-app trong ≤ 60 giây. Story E6-S3 phải xong trước 06/11/2026 | F30: TV1 | I30: Chưa làm | J30: Bằng chứng: Video + log job. Tinh gọn: mốc 06/11/2026 trong câu chữ là của đủ đội; theo tinh gọn, E6-S3 xong trong L5 (trước 27/11/2026); push là Web Push trên PWA; kênh in-app không còn trung tâm thông báo, chờ Founder + TV1 chốt | K30: Doc 08 §7
A31: 26 | B31: Nghiệm thu | C31: M3-4 | D31: POST /api/v1/occurrences/{occurrenceId}/rsvps là endpoint chính | F31: TV1 | I31: Chưa làm | J31: Bằng chứng: Swagger + test | K31: Doc 08 §7
A32: 27 | B32: Nghiệm thu | C32: M3-5 | D32: POST /api/v1/events/{eventId}/rsvps trỏ tới occurrence sắp tới gần nhất và trả 409 khi có nhiều occurrence sắp tới | F32: TV1 | I32: Chưa làm | J32: Bằng chứng: Test e2e | K32: Doc 08 §7
A33: 28 | B33: Nghiệm thu | C33: M3-6 | D33: Push tới thiết bị thật (iOS + Android), không phải simulator | F33: TV1 + TV2 | I33: Chưa làm | J33: Bằng chứng: Video 2 máy. Tinh gọn: giữ tiêu chí nhưng chuyển sang Web Push trên PWA: một máy Android Chrome và một iPhone iOS ≥ 16.4 đã thêm app vào màn hình chính, vẫn quay video trên 2 máy thật. Phần iPhone cần manifest tối thiểu từ L6 (xem E7-S3) | K33: Doc 08 §7
A34: 29 | B34: Nghiệm thu | C34: M3-7 | D34: Email xác nhận gửi đúng ngôn ngữ người nhận (EN mặc định, VI nếu chọn) | F34: TV1 | I34: Chưa làm | J34: Bằng chứng: 2 ảnh hộp thư. Tinh gọn: email tiếng Việt dùng bản VI tạm viết trong E7-S2. Bản dịch thuê ngoài chỉ nạp ở L11, nên câu chữ VI ở gate M3 chưa qua dịch giả | K34: Doc 08 §7
A35: 30 | B35: Nghiệm thu | C35: M3-8 | D35: Nhắc T‑24h và T‑2h bắn đúng giờ địa phương Asia/Ho_Chi_Minh, chống gửi trùng khi chạy lại worker | F35: TV1 | I35: Chưa làm | J35: Bằng chứng: Log + test idempotency | K35: Doc 08 §7
A36: 31 | B36: Nghiệm thu | C36: M3-9 | D36: Enum rsvps.status chữ thường: going, waitlisted, cancelled, checked_in, no_show | F36: TV1 | I36: Chưa làm | J36: Bằng chứng: Migration | K36: Doc 08 §7
A37: 32 | B37: Demo | C37: S4-Demo-1 | D37: Chạy script k6 ngay trên màn hình: 200 RSVP đồng thời vào 50 chỗ → bảng kết quả 50/150 | E37: L5 | F37: TV1 | I37: Chưa làm | J37: Tinh gọn: có thể chiếu lại trong buổi gate M3 ngày 11/12/2026 | K37: Doc 08 §6
A38: 33 | B38: Demo | C38: S4-Demo-2 | D38: Trên iPhone thật: rút đăng ký của một người đang going → điện thoại người đứng đầu danh sách chờ rung ngay tại chỗ với thông báo "You're in!" | E38: L6 | F38: TV1 | I38: Chưa làm | J38: Tinh gọn: chạy trên PWA đã thêm vào màn hình chính của iPhone (iOS ≥ 16.4) và nhận Web Push thay Expo Push. Cần manifest tối thiểu từ L6 (xem E7-S3) | K38: Doc 08 §6
A39: 34 | B39: Demo | C39: S4-Demo-3 | D39: Kiểm tra hộp thư: email xác nhận tiếng Anh cho tài khoản en, tiếng Việt cho tài khoản vi | E39: L6 | F39: TV1 | I39: Chưa làm | J39: Tinh gọn: hộp thư VI dùng bản template VI tạm của E7-S2; dịch giả thuê ngoài rà lại ở L11 | K39: Doc 08 §6
A40: 35 | B40: Demo | C40: S4-Demo-4 | D40: Chỉnh giờ máy chủ staging để mô phỏng mốc T‑24h và T‑2h → hai đợt nhắc bắn đúng, không trùng | E40: L6 | F40: TV1 | I40: Chưa làm | K40: Doc 08 §6
A41: 36 | B41: Demo | C41: S4-Demo-5 | D41: Feed khám phá trên mobile, kéo bảng lọc lên, lọc theo khu vực | F41: Founder | I41: Cắt / hoãn | J41: Tinh gọn: bỏ theo E5-S7 (hoãn, nhóm A); khám phá trên điện thoại được demo qua trang khám phá web (M2) và PWA (L9) | K41: Doc 08 §6 · Doc 08 §10.2
A42: 37 | B42: Bổ sung từ mockup | C42: MK-MY-01 | D42: "Sự kiện của tôi": thẻ Next up (đếm ngược, địa chỉ chính xác, chỉ đường, QR điểm danh, chat nhóm), dải tuần, chip lọc, timeline, khối Past nhắc review; GET /me/agenda. | F42: TV1 | I42: Chưa làm | J42: Route /my-events hiện là BlankScreen. Tinh gọn: chỉ làm trên web/PWA, không có native; bỏ QR điểm danh khỏi thẻ Next up vì E6-S5 rút gọn thành tick tay | K42: Mockup ④ my-going, my-past
A43: 38 | B43: Bổ sung từ mockup | C43: MK-MY-02 | D43: Lời mời từ hàng chờ giữ chỗ 12 giờ (held + hold_expires_at) + thông báo (T-16). | F43: TV1 | I43: Chưa làm | J43: Tinh gọn: lời mời giữ chỗ gửi qua email (kênh chính) cộng Web Push; không có trung tâm thông báo để xem lại | K43: Mockup ③ event-offer · ACTIVE_TASKS T-16
A44: 39 | B44: Bổ sung từ mockup | C44: MK-MY-03 | D44: Đồng bộ lịch cá nhân (.ics feed) + cảnh báo huỷ muộn khi còn < 2 giờ (BR-10). | F44: TV1 | I44: Chưa làm | K44: Mockup ④ my-going
A45: 40 | B45: Bổ sung từ mockup | C45: MK-RSVP-01 | D45: Sheet xác nhận RSVP bắt buộc với sự kiện có phí, ≤ 10 chỗ (cổng T2), bắt đầu trong < 2 giờ, nhận lời mời hàng chờ. | F45: TV1 | I45: Chưa làm | J45: Tinh gọn: chỉ làm trên web/PWA; nhánh mobile native hoãn | K45: Mockup ⑤ deck-rsvp · Doc 14 §2.5

Sheet M4
A1: M4 · Trust & Safety tối thiểu — chốt 25/12/2026 · Sprint L7
A2: Mục tiêu: L7 — 14/12 – 25/12/2026: Trust & Safety: report, block, xử lý kiểm duyệt, trust level T0–T3 tự động
A3: Nếu trượt: M4-8 và M4-9 là điều kiện chặn cứng để mở beta — không có chính sách đã thẩm định thì không được thu thập dữ liệu của 100 người thật. Nếu luật sư chưa xác nhận kịp, lùi ngày mời beta wave 1 chứ không mở beta bằng bản thảo chưa thẩm định. Tinh gọn: beta kín còn 60 người, mở ở L10 (15/02/2027); M4-8 và M4-9 vẫn là điều kiện chặn cứng, luật sư xác nhận trễ thì lùi mời beta wave 1 và M5 (26/02/2027) trượt theo. Story M4 trượt khỏi L7 thì không có chỗ đệm: sau 25/12 là tuần đóng băng 28/12 – 01/01, rồi L8 đã kín 28 SP cho Admin Curation Console (NT-1, không cắt).
A4: Tiến độ | C4: =COUNTA($C$6:$C$400)&" mục" -> 40 mục | D4: ="Xong: "&COUNTIF($I$6:$I$400,"Xong") -> Xong: 5 | E4: ="Một phần: "&COUNTIF($I$6:$I$400,"Một phần") -> Một phần: 9 | F4: ="Chưa làm: "&COUNTIF($I$6:$I$400,"Chưa làm") -> Chưa làm: 21 | G4: ="Bị chặn: "&COUNTIF($I$6:$I$400,"Bị chặn") -> Bị chặn: 0 | H4: ="Cần chốt: "&COUNTIF($I$6:$I$400,"Cần chốt") -> Cần chốt: 2 | I4: ="Chưa xác nhận: "&COUNTIF($I$6:$I$400,"Chưa xác nhận") -> Chưa xác nhận: 0 | J4: ="Cắt / hoãn: "&COUNTIF($I$6:$I$400,"Cắt / hoãn") -> Cắt / hoãn: 3 | K4: ="Tỷ lệ xong: "&TEXT(IFERROR(COUNTIF($I$6:$I$400,"Xong")/(COUNTA($C$6:$C$400)-COUNTIF($I$6:$I$400,"Cắt / hoãn")),0),"0%") -> Tỷ lệ xong: 14%
A5: STT | B5: Nhóm | C5: Mã | D5: Nội dung | E5: Sprint | F5: Phụ trách | G5: SP | H5: Ưu tiên | I5: Trạng thái | J5: Ghi chú / bằng chứng | K5: Nguồn | L5: Người xác nhận | M5: Ngày xong
A6: 1 | B6: Việc chặn & cần chốt | C6: DEC-REVIEWS | D6: Reviews (UC-16, đang Should) có vào MVP không; cửa sổ đánh giá 7 ngày (doc 05) hay 14 ngày (doc 03). | F6: Founder | I6: Cần chốt | J6: Tinh gọn: Backlog tinh gọn 359 SP không có Reviews; nếu đưa vào MVP phải chỉ rõ story bị đẩy ra để giữ 28 SP/sprint | K6: Mockup ③ review-write · Doc 02 UC-16
A7: 2 | B7: Việc chặn & cần chốt | C7: DEC-TRUST-LABELS | D7: Thống nhất nhãn trust T0–T5: code i18n (Restricted / New member / Verified / Regular / Trusted / Community host) với doc 05 §5.3 (New / Email verified / Phone verified / Active member / Trusted / Community leader); doc 10 §12.6 còn thang cũ. | F7: Founder + TV1 | I7: Cần chốt | J7: Liên quan nghiệm thu M4-5, M4-6. Tinh gọn: Thang T0–T5 không được đổi dù E3-S3 bị rút gọn | K7: Doc 05 §5.3 · packages/i18n
A8: 3 | B8: Story | C8: E8-S1 | D8: Báo cáo hoạt động / người dùng | E8: L7 | F8: TV3 | G8: 5 | H8: MUST | I8: Một phần | J8: Tinh gọn: TV3 làm nút báo cáo và chọn lý do trên web/PWA, thay cho app native | Cập nhật 03/10/2026: Code API + web/admin xong, e2e xanh trên PostGIS thật (report 33/33, block 53/53, moderation 68/68, audit 12/12). BA nghiệm thu: pass có điều kiện (.agent/specs/_changes/moderation-core/acceptance.md). Còn: merge vào develop (TV1 review packages/**), screen test EN/VI, video/ảnh bằng chứng. Nút báo cáo trên bình luận hoãn vì web chưa có UI bình luận. | K8: Doc 08 §6
A9: 4 | B9: Story | C9: E8-S2 | D9: Chặn người dùng | E9: L7 | F9: TV3 | G9: 5 | H9: MUST | I9: Một phần | J9: Tinh gọn: TV3 làm cả thao tác chặn trên web/PWA lẫn API chặn hai chiều | Cập nhật 03/10/2026: Code API + web/admin xong, e2e xanh trên PostGIS thật (report 33/33, block 53/53, moderation 68/68, audit 12/12). BA nghiệm thu: pass có điều kiện (.agent/specs/_changes/moderation-core/acceptance.md). Còn: merge vào develop (TV1 review packages/**), screen test EN/VI, video/ảnh bằng chứng. | K9: Doc 08 §6
A10: 5 | B10: Story | C10: E8-S3 | D10: Hàng đợi kiểm duyệt xếp theo mức nghiêm trọng + thời gian chờ | E10: L7 | F10: TV3 | G10: 3 | H10: MUST | I10: Một phần | J10: Tinh gọn: Nhóm B rút gọn 8 → 3 SP: bảng report lọc theo mức, xử lý tay; SLA P0 = 2 giờ vẫn giữ, do Founder trực | Cập nhật 03/10/2026: Code API + web/admin xong, e2e xanh trên PostGIS thật (report 33/33, block 53/53, moderation 68/68, audit 12/12). BA nghiệm thu: pass có điều kiện (.agent/specs/_changes/moderation-core/acceptance.md). Còn: merge vào develop (TV1 review packages/**), screen test EN/VI, video/ảnh bằng chứng. | K10: Doc 08 §6 · Doc 08 §10.2
A11: 6 | B11: Story | C11: E8-S4 | D11: Ẩn nội dung / gỡ hoạt động / khoá tài khoản, có ghi lý do & người thực hiện | E11: L7 | F11: TV3 | G11: 5 | H11: MUST | I11: Một phần | J11: Cập nhật 03/10/2026: Code API + web/admin xong, e2e xanh trên PostGIS thật (report 33/33, block 53/53, moderation 68/68, audit 12/12). BA nghiệm thu: pass có điều kiện (.agent/specs/_changes/moderation-core/acceptance.md). Còn: merge vào develop (TV1 review packages/**), screen test EN/VI, video/ảnh bằng chứng. | K11: Doc 08 §6
A12: 7 | B12: Story | C12: E8-S5 | D12: Community Guidelines + màn đồng ý trước khi tham gia | E12: L7 | F12: TV3 | G12: 3 | H12: MUST | I12: Chưa làm | J12: Tinh gọn: Founder soạn nội dung Guidelines; TV3 dựng màn đồng ý trên web/PWA | K12: Doc 08 §6
A13: 8 | B13: Story | C13: E8-S8 | D13: Nhãn "Verified organizer" | E13: L7 | F13: TV1 | G13: 3 | H13: SHOULD | I13: Chưa làm | J13: Tinh gọn: Nhóm C, vẫn trong phạm vi; chỉ hoãn nếu phải giữ ngày 18/03/2027 | K13: Doc 08 §6
A14: 9 | B14: Story | C14: E3-S3 | D14: Trust level T0–T5 trên hồ sơ, tính bằng job BullMQ | E14: L7 | F14: TV1 | G14: 5 | H14: MUST | I14: Chưa làm | J14: Tinh gọn: Giữ nguyên thang T0–T5; job chỉ tự tính T0–T3, còn T4 và T5 do Founder gán tay hằng tuần | K14: Doc 08 §6 · Doc 08 §10.2
A15: 10 | B15: Story | C15: E7-S6 | D15: Trung tâm thông báo trong app và trên web | F15: Founder | G15: 8 | H15: SHOULD | I15: Cắt / hoãn | J15: Tinh gọn: Hoãn sau ra mắt; dùng email + Web Push, email là bản lưu thông báo cũ | K15: Doc 08 §6 · Doc 08 §10.2
A16: 11 | B16: Story | C16: E9-S1 | D16: Khu vực quản trị riêng, đăng nhập tách biệt, audit log | E16: L7 | F16: TV3 | G16: 5 | H16: MUST | I16: Một phần | J16: Tinh gọn: §10.4 tính E9-S1 vào L8 (E9 tinh gọn 5 + 8 + 8 + 5 + 2 = 28 SP, vừa khít L8), nhưng bảng report E8-S3 ở L7 cần khu admin có đăng nhập riêng + audit log; tạm giữ ở M4/L7, chờ Founder + TV3 chốt (xem conflicts) | Cập nhật 03/10/2026: Code API + web/admin xong, e2e xanh trên PostGIS thật (report 33/33, block 53/53, moderation 68/68, audit 12/12). BA nghiệm thu: pass có điều kiện (.agent/specs/_changes/moderation-core/acceptance.md). Còn: merge vào develop (TV1 review packages/**), screen test EN/VI, video/ảnh bằng chứng. Làm ở L7 cùng hàng đợi (audit_logs + trang /audit-logs). | K16: Doc 08 §6
A17: 12 | B17: Story | C17: E4-S7 | D17: Tạo hoạt động trên mobile dưới 90 giây (nấc M2++) | F17: Founder | G17: 13 | H17: MUST | I17: Cắt / hoãn | J17: Tinh gọn: Hoãn app native; mất thông điệp 90 giây, bù bằng form web tối ưu điện thoại (TV1) | K17: Doc 08 §6 · Doc 08 §10.2
A18: 13 | B18: DoD bổ sung | C18: S5-DoD-1 | D18: users.trust_level không bao giờ được ghi trực tiếp bởi luồng nghiệp vụ. Mọi thay đổi đều do job BullMQ trust-level-recompute thực hiện; có test khẳng định service RSVP và service auth không có quyền UPDATE cột này | E18: L7 | F18: TV1 | I18: Chưa làm | J18: Tinh gọn: Việc Founder gán tay T4/T5 cũng phải ghi thành tín hiệu rồi để job ghi bậc, không UPDATE thẳng cột | K18: Doc 08 §6
A19: 14 | B19: DoD bổ sung | C19: S5-DoD-2 | D19: trust-level-recompute chạy mỗi giờ và chạy ngay sau mỗi report_upheld; đọc toàn bộ trust_signals của user rồi ghi lại bậc | E19: L7 | F19: TV1 | I19: Chưa làm | J19: Tinh gọn: Job chỉ tự xét T0–T3; T4–T5 lấy từ tín hiệu gán tay hằng tuần của Founder | K19: Doc 08 §6
A20: 15 | B20: DoD bổ sung | C20: S5-DoD-3 | D20: Grep toàn repo không còn dấu vết thang cũ: grep -rniE "trust_score|reputation_score|verified_member|established|ambassador" phải rỗng. Không tồn tại bất kỳ thang điểm 0–100 nào | E20: L7 | F20: TV1 | I20: Chưa làm | K20: Doc 08 §6
A21: 16 | B21: DoD bổ sung | C21: S5-DoD-4 | D21: Nhãn hiển thị đúng 6 chuỗi i18n: T0 New, T1 Email verified, T2 Phone verified, T3 Active member, T4 Trusted, T5 Community leader | E21: L7 | F21: TV1 | I21: Chưa làm | J21: Tinh gọn: TV1 nạp khoá en + vi; bản VI chuẩn do Thuê ngoài: Dịch giả, nạp ở L11 | K21: Doc 08 §6
A22: 17 | B22: DoD bổ sung | C22: S5-DoD-5 | D22: Tín hiệu âm (no_show_recorded, report_upheld) chỉ moderator thấy; người dùng thường gọi API hồ sơ người khác không nhận được các trường này — có test 2 vai trò | E22: L7 | F22: TV1 | I22: Chưa làm | K22: Doc 08 §6
A23: 18 | B23: DoD bổ sung | C23: S5-DoD-6 | D23: Hàng đợi kiểm duyệt tính thời gian còn lại của SLA theo bảng ở §5.9: P0 = 2 giờ, P1 = 12 giờ, P2 = 48 giờ, P3 = 72 giờ. Ticket sắp quá hạn nhuộm màu cảnh báo | E23: L7 | F23: TV3 | I23: Một phần | J23: Tinh gọn: Áp lên bảng report rút gọn của E8-S3; vẫn đủ 4 mức SLA, Founder trực P0 | Cập nhật 03/10/2026: API tính hạn SLA P0 2h / P1 12h / P2 48h / P3 72h và trạng thái cảnh báo (moderation-queue.e2e 19/19). UI đếm ngược + màu cảnh báo đã làm ở /moderation, chờ screen test. | K23: Doc 08 §6
A24: 19 | B24: DoD bổ sung | C24: S5-DoD-7 | D24: Mọi hành động moderator ghi vào moderation_actions bất biến: ai, lúc nào, đối tượng nào, lý do gì, hành động gì | E24: L7 | F24: TV3 | I24: Xong | J24: Cập nhật 03/10/2026: moderation_actions bất biến bằng trigger (UPDATE/DELETE/TRUNCATE → lỗi 42501); mỗi hành động ghi 1 dòng action + 1 dòng audit trong cùng transaction. Bằng chứng: moderation-actions.e2e.spec.ts 42/42, migration 0009. | K24: Doc 08 §6 | M24: 03/10/2026
A25: 20 | B25: DoD bổ sung | C25: S5-DoD-8 | D25: Chặn hai chiều: A chặn B thì B không thấy nội dung của A, không RSVP vào sự kiện của A, không nhắn được cho A — test cả hai chiều | E25: L7 | F25: TV3 | I25: Xong | J25: Cập nhật 03/10/2026: Bảng blocks, lọc hai chiều trên sự kiện, RSVP, post, comment, reaction, hồ sơ, tin nhắn riêng và chat nhóm. Bằng chứng: block.e2e.spec.ts 53/53 (cả hai chiều + người thứ ba vẫn thấy cả hai). | K25: Doc 08 §6 | M25: 03/10/2026
A26: 21 | B26: DoD bổ sung | C26: S5-DoD-9 | D26: Community Guidelines song ngữ đã đăng ở URL công khai, có phiên bản và ngày hiệu lực | E26: L7 | F26: Founder + TV3 | I26: Chưa làm | J26: Tinh gọn: Founder soạn nội dung; bản VI lấy trước từ gói dịch giả thuê ngoài (TG-M4-3); TV3 đăng trang | K26: Doc 08 §6
A27: 22 | B27: Nghiệm thu | C27: M4-1 | D27: Báo cáo hoạt động và báo cáo người dùng đều hoạt động, có phân loại lý do | F27: TV3 | I27: Một phần | J27: Bằng chứng: Video. Tinh gọn: Quay video trên web/PWA; Founder là người thứ hai xác nhận thay QA (DoD-9 chung ở §6.1, không phải S5-DoD-9) | Cập nhật 03/10/2026: API + web xong, đủ 12 lý do phân loại; e2e report 33/33. Còn quay video và Founder xác nhận. | K27: Doc 08 §7
A28: 23 | B28: Nghiệm thu | C28: M4-2 | D28: Chặn người dùng có hiệu lực hai chiều | F28: TV3 | I28: Xong | J28: Bằng chứng: Test 2 tài khoản | Cập nhật 03/10/2026: Test 2 tài khoản, cả hai chiều: block.e2e.spec.ts 53/53. | K28: Doc 08 §7 | M28: 03/10/2026
A29: 24 | B29: Nghiệm thu | C29: M4-3 | D29: Hàng đợi kiểm duyệt xếp theo mức nghiêm trọng và thời gian chờ; SLA P0 = 2 giờ hiển thị đồng hồ đếm ngược | F29: TV3 | I29: Một phần | J29: Bằng chứng: Ảnh giao diện. Tinh gọn: Nghiệm thu trên bảng report rút gọn (E8-S3 còn 3 SP): vẫn xếp theo mức + thời gian chờ, đếm ngược P0 2 giờ | Cập nhật 03/10/2026: Hàng đợi xếp theo mức rồi thời gian chờ, đếm ngược P0 2h có ở /moderation (admin). Còn chụp ảnh giao diện. | K29: Doc 08 §7
A30: 25 | B30: Nghiệm thu | C30: M4-4 | D30: Ẩn nội dung / gỡ hoạt động / khoá tài khoản đều ghi moderation_actions bất biến (ai, lúc nào, lý do) | F30: TV3 | I30: Xong | J30: Bằng chứng: Truy vấn SQL | Cập nhật 03/10/2026: e2e truy vấn SQL moderation_actions sau mỗi hành động (người làm, thời điểm, lý do) và chứng minh không sửa/xoá được. Bằng chứng: moderation-actions.e2e.spec.ts. | K30: Doc 08 §7 | M30: 03/10/2026
A31: 26 | B31: Nghiệm thu | C31: M4-5 | D31: Trust level T0–T5 hiển thị trên hồ sơ với đúng 6 nhãn quy định; tính bằng job trust-level-recompute | F31: TV1 | I31: Chưa làm | J31: Bằng chứng: Ảnh 6 hồ sơ mẫu. Tinh gọn: T0–T3 do job tự tính; hai hồ sơ mẫu T4 và T5 dựng từ tín hiệu Founder gán tay | K31: Doc 08 §7
A32: 27 | B32: Nghiệm thu | C32: M4-6 | D32: Không tồn tại thang điểm 0–100 hay enum new/verified/established/trusted/ambassador trong repo | F32: TV1 | I32: Chưa làm | J32: Bằng chứng: Kết quả grep | K32: Doc 08 §7
A33: 28 | B33: Nghiệm thu | C33: M4-7 | D33: Tín hiệu âm chỉ moderator thấy; người dùng thường không đọc được qua API | F33: TV1 | I33: Chưa làm | J33: Bằng chứng: Test 2 vai trò | K33: Doc 08 §7
A34: 29 | B34: Nghiệm thu | C34: M4-8 | D34: Community Guidelines và Privacy Policy đã công bố ở URL công khai, song ngữ, có phiên bản và ngày hiệu lực | F34: Founder + TV3 | I34: Chưa làm | J34: Bằng chứng: Link công khai. Tinh gọn: Vẫn là điều kiện chặn beta 60 người ở L10 (15/02/2027); bản VI Guidelines đặt dịch giả thuê ngoài làm trước (TG-M4-3); bản VI Privacy Policy không thuộc gói dịch giả (chuỗi UI + 3 trang nội dung) nên đi theo gói pháp lý M4-9 | K34: Doc 08 §7
A35: 30 | B35: Nghiệm thu | C35: M4-9 | D35: Privacy Policy soạn theo Luật Bảo vệ dữ liệu cá nhân 91/2025/QH15 (hiệu lực từ 01/01/2026), có tham chiếu Nghị định 13/2023/NĐ-CP ở phần lịch sử. CẦN LUẬT SƯ XÁC NHẬN trước khi công bố | F35: Founder + Luật sư | I35: Chưa làm | J35: Bằng chứng: Thư xác nhận của luật sư. Tinh gọn: Gói pháp lý rút gọn 55 triệu: Founder soạn bản thảo mẫu, luật sư chỉ rà soát và ký xác nhận; vẫn theo Luật 91/2025 | K35: Doc 08 §7
A36: 31 | B36: Demo | C36: S5-Demo-1 | D36: Tài khoản A báo cáo sự kiện của B với lý do "lừa đảo" → ticket vào hàng đợi mức P0, đồng hồ SLA 2 giờ bắt đầu chạy | E36: L7 | F36: TV3 | I36: Xong | J36: Tinh gọn: Báo cáo gửi từ web/PWA; ticket P0 hiện trên bảng report rút gọn, Founder là người trực nhận | Cập nhật 03/10/2026: Chạy thật 26/09/2026 trên local: báo cáo lý do scam → ticket mức critical (P0), sla_due_at = lúc báo cáo + 2h; có e2e trong report.e2e.spec.ts. Diễn tập cùng Founder thuộc TG-M4-2. | K36: Doc 08 §6 | M36: 03/10/2026
A37: 32 | B37: Demo | C37: S5-Demo-2 | D37: Moderator gỡ sự kiện, ghi lý do → sự kiện biến khỏi khám phá ngay, người đã RSVP nhận thông báo huỷ | E37: L7 | F37: TV3 | I37: Một phần | J37: Tinh gọn: Thông báo huỷ đi qua email + Web Push, không còn Expo Push hay trung tâm thông báo | Cập nhật 03/10/2026: Gỡ sự kiện có lý do → biến khỏi khám phá ngay (e2e moderation-actions). Thông báo huỷ cho người đã RSVP chờ hệ thống thông báo E7 (TV1). | K37: Doc 08 §6
A38: 33 | B38: Demo | C38: S5-Demo-3 | D38: Chạy report_upheld cho B → job recompute chạy ngay, trust_level của B tụt về T2, nhãn trên hồ sơ đổi ngay | E38: L7 | F38: TV1 | I38: Chưa làm | K38: Doc 08 §6
A39: 34 | B39: Demo | C39: S5-Demo-4 | D39: Tài khoản C xác minh số điện thoại bằng OTP → lên T2 (tính năng OTP giao ở S6, demo bằng seed tín hiệu) | E39: L7 | F39: TV1 | I39: Chưa làm | J39: Tinh gọn: OTP dùng nhà cung cấp có sẵn (E3-S6 còn 2 SP), chưa có ở L7 nên vẫn demo bằng seed tín hiệu | K39: Doc 08 §6
A40: 35 | B40: Demo | C40: S5-Demo-5 | D40: Trên iPhone thật, bấm đồng hồ: tạo một hoạt động từ màn hình chính tới lúc đăng — dưới 90 giây | F40: Founder | I40: Cắt / hoãn | J40: Tinh gọn: Hoãn cùng E4-S7 (không có app native); thông điệp 90 giây bị mất, bù bằng form web tối ưu điện thoại | K40: Doc 08 §6 · Doc 08 §10.2
A41: 36 | B41: Bổ sung từ mockup | C41: MK-REV-01 | D41: Bảng reviews (chỉ người đã check-in, double-blind, kiểm duyệt qua hàng đợi) + POST /occurrences/{id}/reviews, GET /users/{handle}/reviews. | F41: TV1 | I41: Chưa làm | J41: DDL đầy đủ ở doc 03 §8.5. Tinh gọn: Chờ DEC-REVIEWS; không có trong backlog tinh gọn 359 SP nên chưa xếp sprint L | K41: Mockup ③ review-write
A42: 37 | B42: Bổ sung từ mockup | C42: MK-REV-02 | D42: Khối Reviews trên trang chi tiết (điểm, phân bố sao, "Verified attendee", Helpful, Report) + màn viết review. | F42: TV1 | I42: Chưa làm | J42: Tinh gọn: Chờ DEC-REVIEWS; không có trong backlog tinh gọn 359 SP nên chưa xếp sprint L | K42: Mockup ③ event, review-write
A43: 38 | B43: Bổ sung kịch bản tinh gọn | C43: TG-M4-1 | D43: Founder gán tay T4 và T5 hằng tuần (T4: đã đạt T3 + host ≥ 3 occurrence hoàn tất + tỷ lệ no-show ≤ 15% trong 10 lần gần nhất; T5: đề cử thủ công, xét lại mỗi quý) bằng thao tác ghi tín hiệu, để job trust-level-recompute ghi bậc | E43: L7 | F43: Founder | H43: MUST | I43: Chưa làm | J43: TV1 làm thao tác ghi tín hiệu trong E3-S3 (5 SP); Founder xét mỗi tuần khi đã có người dùng thật, §10.2 không đặt mốc dừng; cần chốt signal_type cho T4 (xem conflicts) | K43: Doc 08 §10.2 · 08:1588; §5.4 · 08:288-289
A44: 39 | B44: Bổ sung kịch bản tinh gọn | C44: TG-M4-2 | D44: Founder nhận ca trực kiểm duyệt thay Community Manager (đủ đội: 09:00 và 17:00 hằng ngày, Founder ngoài giờ): chốt lịch trực và kênh nhận ticket P0 mới để giữ SLA P0 = 2 giờ, diễn tập cùng S5-Demo-1 | E44: L7 | F44: Founder | H44: MUST | I44: Chưa làm | J44: Trực thật từ khi có người dùng beta (L10); trước đó chỉ có dữ liệu staging. Kênh báo ticket P0 mới tới Founder (email/Web Push) cần TV3 làm trong L7 | K44: Doc 08 §10.2 · 08:1600; §9.2 · 08:1515; §9.1 · 08:1507
A45: 40 | B45: Bổ sung kịch bản tinh gọn | C45: TG-M4-3 | D45: Đặt dịch giả thuê ngoài dịch trước bản tiếng Việt của trang Community Guidelines (thuộc gói 3 trang nội dung) để kịp S5-DoD-9 và M4-8 | E45: L7 | F45: Thuê ngoài: Dịch giả | H45: MUST | I45: Chưa làm | J45: Founder ký hợp đồng dịch giả trọn gói 12 triệu ngay ở bước này (gói gồm cả chuỗi UI + About/FAQ gửi ở L10, TG-M5-10), đặt việc và duyệt nội dung. TV3 đăng trang song ngữ; chuỗi UI nạp ở L11 (E10-S2). Bản VI Privacy Policy không thuộc gói dịch giả mà đi theo M4-9 | K45: Doc 08 §9.2 · 08:1520; §11.3 · 08:1791; §10.4 · 08:1671

Sheet M5
A1: M5 · Beta kín 60 user — chốt 26/02/2027 · Sprint L8, L9, L10
A2: Mục tiêu: L8 — 04/01 – 15/01/2027: Admin Curation Console + luồng chuyển giao organizer (NT-1, không cắt) L9 — 18/01 – 29/01/2027: PWA: manifest, service worker, add-to-home, tối ưu điện thoại; xuất & xoá dữ liệu cá nhân L10 — 15/02 – 26/02/2027: Beta kín 60 user (giảm từ 100 vì không còn kênh cửa hàng ứng dụng), trực hotfix hằng ngày
A3: Nếu trượt: M5 có 2 tuần đệm tự nhiên (đóng băng cuối năm + S8). Nếu M5-7 trượt vì Play closed testing bắt đầu muộn thì đây là rủi ro chặn M6 — xem §8.3. Tinh gọn: Không còn 2 tuần đệm, và M5-7 đã hoãn cùng E12. Đóng băng Tết 01–12/02/2027 nằm giữa L9 và L10 nên E8-S7, PWA và thư xác nhận Privacy Policy của luật sư (M4-9) phải xong trong L9. M5 trượt thì M6 01/04/2027 trượt theo, vì L11 bắt đầu ngay 01/03/2027.
A4: Tiến độ | C4: =COUNTA($C$6:$C$400)&" mục" -> 64 mục | D4: ="Xong: "&COUNTIF($I$6:$I$400,"Xong") -> Xong: 1 | E4: ="Một phần: "&COUNTIF($I$6:$I$400,"Một phần") -> Một phần: 0 | F4: ="Chưa làm: "&COUNTIF($I$6:$I$400,"Chưa làm") -> Chưa làm: 57 | G4: ="Bị chặn: "&COUNTIF($I$6:$I$400,"Bị chặn") -> Bị chặn: 0 | H4: ="Cần chốt: "&COUNTIF($I$6:$I$400,"Cần chốt") -> Cần chốt: 0 | I4: ="Chưa xác nhận: "&COUNTIF($I$6:$I$400,"Chưa xác nhận") -> Chưa xác nhận: 0 | J4: ="Cắt / hoãn: "&COUNTIF($I$6:$I$400,"Cắt / hoãn") -> Cắt / hoãn: 6 | K4: ="Tỷ lệ xong: "&TEXT(IFERROR(COUNTIF($I$6:$I$400,"Xong")/(COUNTA($C$6:$C$400)-COUNTIF($I$6:$I$400,"Cắt / hoãn")),0),"0%") -> Tỷ lệ xong: 2%
A5: STT | B5: Nhóm | C5: Mã | D5: Nội dung | E5: Sprint | F5: Phụ trách | G5: SP | H5: Ưu tiên | I5: Trạng thái | J5: Ghi chú / bằng chứng | K5: Nguồn | L5: Người xác nhận | M5: Ngày xong
A6: 1 | B6: Story | C6: E9-S2 | D6: Nhập sự kiện công khai vào hệ thống < 3 phút, có ghi nguồn | E6: L8 | F6: TV3 | G6: 8 | H6: MUST | I6: Chưa làm | J6: Tinh gọn: Giữ nguyên 100% theo NT-1; Founder kiêm Community Manager là người nhập | K6: Doc 08 §6
A7: 2 | B7: Story | C7: E9-S3 | D7: Lời mời organizer gốc nhận quyền quản lý listing | E7: L8 | F7: TV3 | G7: 8 | H7: MUST | I7: Chưa làm | J7: Tinh gọn: Giữ nguyên 100% theo NT-1; Founder gửi lời mời và giữ quan hệ organizer | K7: Doc 08 §6
A8: 3 | B8: Story | C8: E9-S4 | D8: Quản lý người dùng, khu vực, loại hình hoạt động | E8: L8 | F8: TV3 | G8: 5 | H8: MUST | I8: Chưa làm | J8: Tinh gọn: Giữ nguyên 5 SP vì không cắt nhóm C (Founder không phải chạy SQL trực tiếp trên production); thao tác gán tay T4/T5 đã nằm ở E3-S3 (L7, TG-M4-1), không làm lại ở đây | K8: Doc 08 §6
A9: 4 | B9: Story | C9: E9-S5 | D9: Bảng điều khiển vận hành cho Founder | E9: L8 | F9: TV3 | G9: 2 | H9: MUST | I9: Chưa làm | J9: Tinh gọn: Nhóm B dịch vụ có sẵn 8 → 2 SP: nối công cụ BI vào bản sao đọc của DB (tài khoản chỉ đọc), Founder tự dựng biểu đồ; không tự code dashboard | K9: Doc 08 §6 · Doc 08 §10.2
A10: 5 | B10: Story | C10: E6-S5 | D10: Điểm danh tại chỗ bằng mã QR | E10: L8 | F10: TV1 | G10: 2 | H10: MUST | I10: Chưa làm | J10: Tinh gọn: Nhóm B rút gọn 8 → 2 SP: bỏ mã QR, organizer tick tay trong danh sách người tham gia trên web/PWA; API vẫn ghi checked_in + attendance_confirmed (cả hai phần do TV1) | K10: Doc 08 §6 · Doc 08 §10.2
A11: 6 | B11: Story | C11: E6-S6 | D11: Ghi no_show_recorded vào trust_signals | E11: L9 | F11: TV1 | G11: 5 | H11: MUST | I11: Chưa làm | J11: Tinh gọn: Job chạy trên dữ liệu điểm danh tick tay của E6-S5; phải chạy trước ngày mở beta | K11: Doc 08 §6
A12: 7 | B12: Story | C12: E3-S6 | D12: Xác minh số điện thoại bằng OTP | E12: L8 | F12: TV2 | G12: 2 | H12: MUST | I12: Chưa làm | J12: Tinh gọn: Nhóm B dịch vụ có sẵn 5 → 2 SP: dùng nhà cung cấp OTP (khoảng 400 đồng/tin); trần gửi, hạn mã và chống brute-force vẫn tự áp ở API. Nếu CH-01 (M1) chốt bắt buộc xác thực SĐT cho mọi tài khoản thì phải kéo story này lên luồng đăng ký ở L1–L2 | K12: Doc 08 §6 · Doc 08 §10.2
A13: 8 | B13: Story | C13: E8-S6 | D13: Chống spam: trần số hoạt động/ngày, lọc từ khoá, chặn link đáng ngờ | E13: L9 | F13: TV3 | G13: 5 | H13: MUST | I13: Chưa làm | K13: Doc 08 §6
A14: 9 | B14: Story | C14: E8-S7 | D14: Xuất dữ liệu cá nhân + yêu cầu xoá tài khoản | E14: L9 | F14: TV2 | G14: 5 | H14: MUST | I14: Chưa làm | J14: Tinh gọn: Không bao giờ cắt (Luật 91/2025/QH15); phải xong trong L9, trước ngày mở beta 15/02/2027 | K14: Doc 08 §6
A15: 10 | B15: Story | C15: E12-S2 | D15: Icon, splash, ảnh cửa hàng | F15: Founder | G15: 3 | H15: MUST | I15: Cắt / hoãn | J15: Tinh gọn: Hoãn cùng toàn bộ E12 (không phát hành cửa hàng ở M6); icon/splash cho PWA lấy từ gói Designer thuê ngoài, xem TG-M5-1 | K15: Doc 08 §6 · Doc 08 §10.2
A16: 11 | B16: Story | C16: E12-S3 | D16: TestFlight + Play closed testing | F16: Founder | G16: 5 | H16: MUST | I16: Cắt / hoãn | J16: Tinh gọn: Hoãn tới sau ra mắt; beta phát qua link web/PWA (TG-M5-8); Founder giữ trong backlog hậu ra mắt | K16: Doc 08 §6 · Doc 08 §10.2
A17: 12 | B17: Story | C17: E12-S5 | D17: EAS Update để vá nhanh không cần chờ duyệt | F17: Founder | G17: 3 | H17: MUST | I17: Cắt / hoãn | J17: Tinh gọn: Không cần khi chỉ có PWA: deploy web bằng lệnh một bước là kênh vá nhanh; làm lại khi phát hành native sau ra mắt | K17: Doc 08 §6 · Doc 08 §10.2
A18: 13 | B18: Story | C18: E11-S1 | D18: Lược đồ sự kiện phân tích thống nhất web + mobile | E18: L10 | F18: TV1 | G18: 5 | H18: MUST | I18: Chưa làm | J18: Tinh gọn: Chỉ web/PWA + server, bỏ vế mobile native; phải bắn được trước khi mời đợt 1 beta | K18: Doc 08 §6
A19: 14 | B19: Story | C19: E6-S4 | D19: Xem danh sách người tham gia trong giới hạn quyền riêng tư | E19: L10 | F19: TV1 | G19: 5 | H19: SHOULD | I19: Chưa làm | J19: Tinh gọn: Giữ nguyên vì không cắt nhóm C (ảnh hưởng cảm giác an toàn) | K19: Doc 08 §6
A20: 15 | B20: Story | C20: E5-S9 | D20: "Tuần này có gì" ngay trên màn hình đầu | E20: L10 | F20: TV1 | G20: 5 | H20: MUST | I20: Chưa làm | J20: Tinh gọn: Chỉ làm trên web/PWA; phần mobile native hoãn theo nhóm A | K20: Doc 08 §6
A21: 16 | B21: Story | C21: E7-S7 | D21: Tắt riêng từng loại thông báo | E21: L10 | F21: TV2 | G21: 2 | H21: SHOULD | I21: Chưa làm | J21: Tinh gọn: Nhóm B rút gọn 5 → 2 SP: một công tắc tổng trên web + link huỷ đăng ký trong email (TV1 thêm vào email); không được cắt hết vì Luật 91/2025 có quyền phản đối xử lý | K21: Doc 08 §6 · Doc 08 §10.2
A22: 17 | B22: Story | C22: E6-S9 | D22: Xuất danh sách người tham gia ra CSV | E22: L10 | F22: TV1 | G22: 3 | H22: SHOULD | I22: Chưa làm | J22: Tinh gọn: Giữ nguyên vì không cắt nhóm C | K22: Doc 08 §6
A23: 18 | B23: Story | C23: E10-S3 | D23: About / FAQ / Community Guidelines song ngữ | E23: L10 | F23: TV3 + Founder | G23: 3 | H23: MUST | I23: Chưa làm | J23: Tinh gọn: Giữ nguyên 3 SP vì không cắt nhóm C; Founder viết bản EN, Thuê ngoài: Dịch giả dịch bản VI, TV3 dựng trang; Guidelines song ngữ đã có từ M4 (M4-8, TG-M4-3), L10 còn About và FAQ | K23: Doc 08 §6
A24: 19 | B24: DoD bổ sung | C24: S6-DoD-1 | D24: Bấm đồng hồ: Community Manager nhập một sự kiện thật từ một bài đăng công khai → ≤ 3 phút, đo trên 5 sự kiện khác nhau, lấy trung vị | E24: L8 | F24: Founder + TV3 | I24: Chưa làm | J24: Tinh gọn: Founder kiêm Community Manager tự bấm đồng hồ; TV3 tối ưu form console | K24: Doc 08 §6
A25: 20 | B25: DoD bổ sung | C25: S6-DoD-2 | D25: Mọi listing curate bắt buộc có: source = 'curated', trường nguồn gốc, nhãn hiển thị "Listed by Da Nang Connect from a public post — not managed by the organiser", và nút gỡ ngay trên trang công khai | E25: L8 | F25: TV3 | I25: Chưa làm | K25: Doc 08 §6
A26: 21 | B26: DoD bổ sung | C26: S6-DoD-3 | D26: Không có chức năng scraping nào trong repo. grep -rniE "puppeteer|playwright-scrape|cheerio|scrape" trong apps/api phải rỗng (trừ dev-dependency test) | E26: L8 | F26: TV3 | I26: Xong | J26: Cập nhật 03/10/2026: grep puppeteer/playwright-scrape/cheerio/scrape trong apps/api rỗng ngày 03/10/2026. Phải giữ khi làm E9-S2. | K26: Doc 08 §6 | M26: 03/10/2026
A27: 22 | B27: DoD bổ sung | C27: S6-DoD-4 | D27: Luồng nhận quyền: mã mời một lần, hết hạn 14 ngày, dùng rồi vô hiệu; nhận quyền xong source đổi curated → self_serve, host_user_id chuyển sang organizer thật, người curate cũ chuyển thành event_cohosts với role_in_event = 'listed_by' | E27: L8 | F27: TV3 | I27: Chưa làm | K27: Doc 08 §6
A28: 23 | B28: DoD bổ sung | C28: S6-DoD-5 | D28: Điểm danh QR: mã xoay theo thời gian, không dùng lại được; quét xong rsvps.status = checked_in và sinh tín hiệu attendance_confirmed | E28: L8 | F28: TV1 | I28: Chưa làm | J28: Tinh gọn: Theo E6-S5 rút gọn: bỏ vế mã QR xoay; kiểm tra thay bằng organizer tick tay → checked_in + attendance_confirmed, chỉ host của occurrence được tick, không tick lặp | K28: Doc 08 §6
A29: 24 | B29: DoD bổ sung | C29: S6-DoD-6 | D29: Job đóng occurrence chạy T+3h sau ends_at: ai going mà không checked_in → no_show, sinh no_show_recorded | E29: L9 | F29: TV1 | I29: Chưa làm | K29: Doc 08 §6
A30: 25 | B30: DoD bổ sung | C30: S6-DoD-7 | D30: Xuất & xoá dữ liệu (E8-S7) phải xong trước ngày mở beta. Xuất trả gói JSON + ảnh trong ≤ 72 giờ; xoá thực hiện xoá cứng dữ liệu định danh và giữ bản ghi ẩn danh cho thống kê, có mô tả trong Privacy Policy | E30: L9 | F30: TV2 | I30: Chưa làm | J30: Tinh gọn: Hạn trước ngày mở beta = hết L9 (29/01/2027); Founder bổ sung phần mô tả xuất & xoá vào Privacy Policy và luật sư xác nhận lại, nối tiếp M4-9 | K30: Doc 08 §6
A31: 26 | B31: DoD bổ sung | C31: S6-DoD-8 | D31: OTP: giới hạn 5 lần gửi/số/ngày, mã 6 số, hết hạn 5 phút, chống brute-force | E31: L8 | F31: TV2 | I31: Chưa làm | J31: Tinh gọn: Dùng nhà cung cấp OTP sẵn có (E3-S6); các giới hạn vẫn cưỡng chế ở API, không phó mặc nhà cung cấp | K31: Doc 08 §6
A32: 27 | B32: DoD bổ sung | C32: S6-DoD-9 | D32: Build production đã nộp TestFlight và đã tạo track closed testing trên Play với ≥ 12 tester — đồng hồ 14 ngày bắt đầu chạy chậm nhất 11/12/2026 | F32: Founder | I32: Cắt / hoãn | J32: Tinh gọn: Không nộp TestFlight/Play ở M6; làm lại khi phát hành native sau ra mắt | K32: Doc 08 §6 · Doc 08 §10.2
A33: 28 | B33: DoD bổ sung | C33: S7-DoD-1 | D33: 15 sự kiện phân tích ở §5.12 đều bắn được từ cả web lẫn mobile, cùng tên thuộc tính, kiểm tra bằng bảng đối chiếu | E33: L10 | F33: TV1 | I33: Chưa làm | J33: Tinh gọn: Đối chiếu web/PWA với server, bỏ vế mobile native; app_open tính là mở web/PWA | K33: Doc 08 §6
A34: 29 | B34: DoD bổ sung | C34: S7-DoD-2 | D34: Crash-free session ≥ 99% đo trên 7 ngày cuối sprint | E34: L10 | F34: TV1 | I34: Chưa làm | J34: Tinh gọn: Đo bằng Sentry release health cho phiên web/PWA, không còn app native | K34: Doc 08 §6
A35: 30 | B35: DoD bổ sung | C35: S7-DoD-3 | D35: Toàn bộ P0 và P1 phát hiện trong beta được ghi vào backlog S8 với mức ưu tiên và người nhận | E35: L10 | F35: TV1 | I35: Chưa làm | J35: Tinh gọn: Ghi vào backlog L11 (sửa lỗi beta P0/P1) thay cho S8 | K35: Doc 08 §6
A36: 31 | B36: DoD bổ sung | C36: S7-DoD-4 | D36: Bảng tổng hợp 15 cuộc phỏng vấn có ít nhất 5 phát hiện có hành động kèm story tương ứng | E36: L10 | F36: Founder | I36: Chưa làm | K36: Doc 08 §6
A37: 32 | B37: Nghiệm thu | C37: M5-1 | D37: Tài khoản beta thật đã kích hoạt — ngưỡng: ≥ 100 | F37: Founder | I37: Chưa làm | J37: Bằng chứng: Truy vấn users. Tinh gọn: Beta tinh gọn chỉ 60 user nên ngưỡng 100 không thể đạt — Founder chốt lại ngưỡng; TV3 chạy truy vấn bằng chứng | K37: Doc 08 §7
A38: 33 | B38: Nghiệm thu | C38: M5-2 | D38: Beta user hoạt động (mở app ≥ 2 lần trong 14 ngày cuối) — ngưỡng: ≥ 70 | F38: Founder | I38: Chưa làm | J38: Bằng chứng: Bảng phân tích. Tinh gọn: Ngưỡng 70 vượt tổng 60 user beta — cần chốt lại; mở app tính là mở web/PWA | K38: Doc 08 §7
A39: 34 | B39: Nghiệm thu | C39: M5-3 | D39: Sự kiện đã curate trong hệ thống — ngưỡng: ≥ 60 | F39: Founder | I39: Chưa làm | J39: Bằng chứng: Truy vấn events | K39: Doc 08 §7
A40: 35 | B40: Nghiệm thu | C40: M5-4 | D40: Dòng chảy trong beta: sự kiện đang mở mỗi tuần, đo 4 tuần liên tiếp — ngưỡng: ≥ 15/tuần, không tuần nào < 10 | F40: Founder | I40: Chưa làm | J40: Bằng chứng: Báo cáo tuần. Tinh gọn: Cửa sổ 4 tuần tới 26/02/2027 trùng đóng băng Tết 01–12/02 — Founder vẫn phải curate trong Tết | K40: Doc 08 §7
A41: 36 | B41: Nghiệm thu | C41: M5-5 | D41: Không khu vực MVP nào có 0 sự kiện đang mở trong 4 tuần liên tiếp — ngưỡng: 6/6 khu vực có mặt | F41: Founder | I41: Chưa làm | J41: Bằng chứng: Bảng theo khu vực | K41: Doc 08 §7
A42: 37 | B42: Nghiệm thu | C42: M5-6 | D42: RSVP thật (không phải tài khoản test) — ngưỡng: ≥ 200 | F42: Founder | I42: Chưa làm | J42: Bằng chứng: Truy vấn rsvps. Tinh gọn: Với 60 user cần ≈ 3,3 RSVP thật mỗi người — chốt lại ngưỡng cùng M5-1 | K42: Doc 08 §7
A43: 38 | B43: Nghiệm thu | C43: M5-7 | D43: TestFlight chạy ổn định + Play closed testing đủ 14 ngày liên tục — ngưỡng: Đủ 14 ngày | F43: Founder | I43: Cắt / hoãn | J43: Bằng chứng: Ảnh Play Console. Tinh gọn: Không có TestFlight/Play closed testing ở M6; đồng hồ 14 ngày chạy lại khi phát hành native sau ra mắt | K43: Doc 08 §7 · Doc 08 §10.2
A44: 39 | B44: Nghiệm thu | C44: M5-8 | D44: Crash-free session, đo 7 ngày cuối — ngưỡng: ≥ 99% | F44: TV1 | I44: Chưa làm | J44: Bằng chứng: Sentry. Tinh gọn: Đo bằng Sentry release health cho phiên web/PWA | K44: Doc 08 §7
A45: 40 | B45: Nghiệm thu | C45: M5-9 | D45: Phỏng vấn sâu người dùng — ngưỡng: ≥ 15 cuộc | F45: Founder | I45: Chưa làm | J45: Bằng chứng: Bản ghi + tổng hợp | K45: Doc 08 §7
A46: 41 | B46: Nghiệm thu | C46: M5-10 | D46: Xuất & xoá dữ liệu cá nhân hoạt động thật (đã thử trên 1 tài khoản thật) — ngưỡng: Đạt | F46: TV2 | I46: Chưa làm | J46: Bằng chứng: Gói dữ liệu xuất ra. Tinh gọn: Founder thử trên tài khoản thật và ký xác nhận người thứ hai (DoD-9) | K46: Doc 08 §7
A47: 42 | B47: Demo | C47: S6-Demo-1 | D47: Community Manager nhập 3 sự kiện thật trên màn hình, bấm đồng hồ từng lần | E47: L8 | F47: Founder | I47: Chưa làm | J47: Tinh gọn: Founder làm thay Community Manager | K47: Doc 08 §6
A48: 43 | B48: Demo | C48: S6-Demo-2 | D48: Gửi lời mời tới hộp thư của một organizer thật đang hợp tác → organizer bấm link, đăng nhập, nhận quyền → sự kiện đổi chủ ngay trước mắt | E48: L8 | F48: Founder + TV3 | I48: Chưa làm | K48: Doc 08 §6
A49: 44 | B49: Demo | C49: S6-Demo-3 | D49: In một mã QR, quét bằng app trên Android thật → điểm danh thành công, trust signal xuất hiện | E49: L8 | F49: TV1 | I49: Chưa làm | J49: Tinh gọn: Thay QR bằng organizer tick tay trên web/PWA ở Android thật → điểm danh thành công, attendance_confirmed xuất hiện | K49: Doc 08 §6
A50: 45 | B50: Demo | C50: S6-Demo-4 | D50: Bảng điều khiển Founder: số hoạt động tuần này, RSVP, report đang chờ, tỷ lệ curated → self_serve | E50: L8 | F50: Founder + TV3 | I50: Chưa làm | J50: Tinh gọn: Biểu đồ dựng trên công cụ BI nối bản sao đọc (E9-S5 dịch vụ có sẵn) | K50: Doc 08 §6
A51: 46 | B51: Demo | C51: S6-Demo-5 | D51: Yêu cầu xuất dữ liệu của tài khoản demo → tải về file JSON, mở ra đọc được | E51: L9 | F51: TV2 | I51: Chưa làm | K51: Doc 08 §6
A52: 47 | B52: Demo | C52: S6-Demo-6 | D52: Cài app từ TestFlight lên iPhone thật ngay trong buổi demo | E52: L9 | F52: TV2 | I52: Chưa làm | J52: Tinh gọn: Thay TestFlight bằng thêm PWA vào màn hình chính trên iPhone thật (iOS ≥ 16.4), mở ở chế độ standalone | K52: Doc 08 §6
A53: 48 | B53: Demo | C53: S7-Demo-1 | D53: Bảng điều khiển: 100 tài khoản beta thật, biểu đồ kích hoạt theo ngày | E53: L10 | F53: Founder | I53: Chưa làm | J53: Tinh gọn: Còn 60 tài khoản beta; biểu đồ kích hoạt dựng trên công cụ BI | K53: Doc 08 §6
A54: 49 | B54: Demo | C54: S7-Demo-2 | D54: Phễu thật đọc từ công cụ phân tích: app_open → discover_viewed → event_viewed → rsvp_completed, kèm tỷ lệ rớt từng bước | E54: L10 | F54: Founder + TV3 | I54: Chưa làm | J54: Tinh gọn: app_open tính là mở web/PWA; cần công cụ phân tích E11-S2 chạy từ L10 | K54: Doc 08 §6
A55: 50 | B55: Demo | C55: S7-Demo-3 | D55: Ba trích đoạn phỏng vấn video, mỗi đoạn 60 giây, kèm việc đội sẽ làm với nó | E55: L10 | F55: Founder | I55: Chưa làm | K55: Doc 08 §6
A56: 51 | B56: Demo | C56: S7-Demo-4 | D56: Bảng Sentry: crash-free session của 7 ngày cuối | E56: L10 | F56: TV1 | I56: Chưa làm | J56: Tinh gọn: Crash-free của phiên web/PWA | K56: Doc 08 §6
A57: 52 | B57: Demo | C57: S7-Demo-5 | D57: Xác nhận Play closed testing đã chạy đủ 14 ngày liên tục | F57: Founder | I57: Cắt / hoãn | J57: Tinh gọn: Không có Play closed testing ở M6 | K57: Doc 08 §6 · Doc 08 §10.2
A58: 53 | B58: Bổ sung từ mockup | C58: MK-ADMIN-01 | D58: Console quản trị tin tức song ngữ (soạn, hẹn giờ đăng, evergreen, gắn sự kiện liên quan) + gắn events.source khi curate. | F58: TV3 | I58: Chưa làm | J58: apps/web-admin-side chưa khởi tạo. Tinh gọn: Không nằm trong 359 SP tinh gọn — Founder chốt có làm trước beta không; nếu làm thì đi cùng L8 | K58: Mockup ② home (nguồn nội dung staff)
A59: 54 | B59: Bổ sung kịch bản tinh gọn | C59: TG-M5-1 | D59: Hoàn thiện PWA cho apps/web-client-side: manifest đầy đủ (bộ icon, màu, splash iOS, chế độ standalone) và mở rộng service worker sẵn có của Web Push để cache khung ứng dụng + trang offline | E59: L9 | F59: TV2 | G59: 5 | H59: MUST | I59: Chưa làm | J59: Service worker nhận push đã có từ E7-S3 (L6); một scope chỉ có một service worker nên phải mở rộng cái đó, không đăng ký cái thứ hai. Nếu Founder + TV1 chọn kéo manifest tối thiểu vào E7-S3 ở L6 (xem note E7-S3 ở M3) thì L9 chỉ hoàn thiện, nếu không thì manifest làm trọn ở đây. Ước tính tách từ 13 SP PWA còn lại (16 SP trừ 3 SP Web Push); icon/splash lấy từ gói Designer (TG-M2-1); TV1 cấu hình header/cache phía hosting | K59: Doc 08 §10.2 nhóm A · 08:1578; §10.4 L9 · 08:1668
A60: 55 | B60: Bổ sung kịch bản tinh gọn | C60: TG-M5-2 | D60: Luồng thêm vào màn hình chính: gợi ý cài trên Chrome/Android và trang hướng dẫn Share → Add to Home Screen trên iOS ≥ 16.4 (điều kiện để Web Push chạy trên iPhone) | E60: L9 | F60: TV2 | G60: 3 | H60: MUST | I60: Chưa làm | J60: Ước tính trong 13 SP PWA; thay kênh cài TestFlight/Play closed testing cho beta vì E12 hoãn | K60: Doc 08 §10.2 · 08:1576, 08:1578; §10.4 L9 · 08:1668
A61: 56 | B61: Bổ sung kịch bản tinh gọn | C61: TG-M5-3 | D61: Tối ưu web trên điện thoại cho các màn lõi: khám phá, chi tiết, RSVP, form tạo sự kiện một trang (dán được link Google Maps để lấy địa điểm), danh sách người tham gia để organizer tick điểm danh | E61: L9 | F61: TV1 | G61: 5 | H61: MUST | I61: Chưa làm | J61: Bù cho việc hoãn tạo sự kiện trên mobile (E4-S7; 08:1570, 08:1696) và rút gọn điểm danh QR (E6-S5). TV1 giải link rút gọn Google Maps ra toạ độ ở server. Ước tính 5 trong 13 SP PWA. Phần dán link Google Maps nằm trọn ở đây | K61: Doc 08 §10.2 · 08:1570, 08:1596; §10.4 L9 · 08:1668; §10.5 · 08:1696
A62: 57 | B62: Bổ sung kịch bản tinh gọn | C62: TG-M5-4 | D62: Đợt kiểm thử QA thuê ngoài số 1 (1 tuần) trên staging trước khi mở beta: đăng ký, khám phá theo khu vực, RSVP + waitlist, curate + nhận quyền, xuất & xoá dữ liệu, PWA trên Android và iPhone thật | E62: L9 | F62: Thuê ngoài: QA | H62: MUST | I62: Chưa làm | J62: 15 triệu/đợt; TV1, TV2, TV3 bàn giao kịch bản + bộ Playwright E2E của chức năng mình, TV1 giữ staging ổn định; Founder ký nghiệm thu thay QA thường trực (DoD-9) | K62: Doc 08 §9.2 · 08:1519, 08:1526; §11.3 · 08:1790
A63: 58 | B63: Bổ sung kịch bản tinh gọn | C63: TG-M5-6 | D63: Nút nhân bản sự kiện trong Admin Curation Console (sao chép sang ngày mới, giữ nguồn và khu vực) để thay sự kiện lặp lại E4-S5 đã hoãn | E63: L8 | F63: TV3 | H63: SHOULD | I63: Chưa làm | J63: §10.2 không cho SP riêng — cần ước lượng khi lên kế hoạch L8; TV3 làm API sao chép | K63: Doc 08 §10.2 nhóm B · 08:1591; §10.5 · 08:1698
A64: 59 | B64: Bổ sung kịch bản tinh gọn | C64: TG-M5-7 | D64: Founder nhân bản tay các sự kiện lặp lại hằng tuần (lớp học, nhóm thể thao...) trong Admin Console, ≈ 20 phút/tuần | E64: L8 | F64: Founder | I64: Chưa làm | J64: Việc vận hành lặp lại từ L8 cho tới khi làm lại E4-S5 sau ra mắt | K64: Doc 08 §10.2 · 08:1591; §10.5 · 08:1698
A65: 60 | B65: Bổ sung kịch bản tinh gọn | C65: TG-M5-8 | D65: Mời beta kín 60 user theo 2 đợt qua link web/PWA, kèm hướng dẫn thêm vào màn hình chính (thay TestFlight + Play closed testing) | E65: L10 | F65: Founder | H65: MUST | I65: Chưa làm | J65: TV2 cung cấp trang hướng dẫn cài (TG-M5-2); Founder chốt cách chia đợt và chỉ tiêu kích hoạt | K65: Doc 08 §10.4 L10 · 08:1670; §9.2 · 08:1536
A66: 61 | B66: Bổ sung kịch bản tinh gọn | C66: TG-M5-9 | D66: Trực hotfix hằng ngày trong beta: đọc Sentry mỗi sáng, P0 vá trong ngày bằng lệnh deploy một bước | E66: L10 | F66: TV1 | H66: MUST | I66: Chưa làm | J66: Chủ chức năng (TV1, TV2 hoặc TV3) vá lỗi phía web của phần mình; không còn EAS Update nên deploy web là kênh vá nhanh duy nhất; chấp nhận lỗi lọt staging nhiều hơn vì không có QA thường trực | K66: Doc 08 §10.4 L10 · 08:1670; §9.2 · 08:1526; §10.2 · 08:1585
A67: 62 | B67: Bổ sung kịch bản tinh gọn | C67: TG-M5-10 | D67: Đóng băng chuỗi UI EN và gửi gói chuỗi + 2 trang nội dung còn lại (About / FAQ) cho dịch giả thuê ngoài, để kịp nạp bản dịch ở L11 | E67: L10 | F67: Founder + TV2 | H67: MUST | I67: Chưa làm | J67: Hợp đồng dịch giả trọn gói 12 triệu đã ký từ L7, khi đặt dịch trước Guidelines (TG-M4-3); không ký lại ở đây. Founder gửi gói chuỗi UI (gồm template thông báo của E7-S2) + About/FAQ; TV2 xuất file khoá từ packages/i18n; việc nạp bản dịch thuộc E10-S2 (L11). L10 đã sang GĐ C trong khi ngân sách dịch giả ghi ở GĐ B (08:1791) | K67: Doc 08 §9.2 · 08:1520; §10.2 · 08:1602; §10.4 L11 · 08:1671; §11.3 · 08:1791
A68: 63 | B68: Bổ sung kịch bản tinh gọn | C68: TG-M5-12 | D68: Founder đọc bảng BI 10 phút mỗi sáng Thứ Hai và ghi số tuần (sự kiện đang mở, phủ 6 khu vực, tài khoản kích hoạt, RSVP thật; từ L11 thêm WCA và tỷ lệ tự phục vụ của gate M6), thay cho báo cáo tuần tự động E11-S3 đã cắt | E68: L8 | F68: Founder | H68: MUST | I68: Chưa làm | J68: Bắt đầu khi E9-S5 nối xong BI ở L8 và chạy liên tục tới hết cửa sổ đo gate M6. Đây là bằng chứng 'Báo cáo tuần' của M5-4, M5-5 và của M6-1, M6-2, M6-3, M6-5, nên vẫn ghi cả hai tuần đóng băng Tết. | K68: Doc 08 §10.2 nhóm B · 08:1604, 08:1601
A69: 64 | B69: Bổ sung kịch bản tinh gọn | C69: TG-M5-13 | D69: Điểm kiểm soát ngân sách tinh gọn tại M5: người thật có dùng không, có ≥ 15 sự kiện đang mở mỗi tuần không? Nếu không: không ra mắt | E69: L10 | F69: Founder | H69: MUST | I69: Chưa làm | J69: §11.4 vẫn ghi 25/12/2026, ≈ 510 triệu và '100 người thật' cho cột tinh gọn; theo lịch tinh gọn phải xét ngày 26/02/2027 với beta 60 user và tính lại số đã tiêu. Phương án 'kéo dài beta thêm 6 tuần' không còn chỗ trước M6 01/04/2027, Founder chốt phương án thay thế. Tương ứng TG-M2-6 ở M2 | K69: Doc 08 §11.4 · 08:1814; §10.4 · 08:1685

Sheet M6
A1: M6 · Ra mắt công khai — chốt 01/04/2027 · Sprint L11, L12
A2: Mục tiêu: L11 — 01/03 – 12/03/2027: Sửa lỗi beta P0/P1, nạp bản dịch tiếng Việt thuê ngoài, bịt hai chỗ rớt phễu lớn nhất L12 — 15/03 – 26/03/2027: SEO, diễn tập runbook, release candidate, đẩy curate lên 25 sự kiện/tuần
A3: Nếu trượt: không ra mắt công khai đúng hạn. Lùi ra mắt 2–4 tuần và dồn toàn bộ nguồn lực vào curate + chuyển giao organizer. Ra mắt với một ứng dụng trông đầy nhưng không có dòng chảy là kịch bản hỏng tệ nhất: người dùng mở lần đầu, không thấy gì đáng đi, và không quay lại — không có lần ra mắt thứ hai với cùng một người. Tinh gọn: Không có đệm tiền để lùi lâu (08:1540: sai thì phải gọi vốn hoặc dừng) và ngưỡng dòng chảy không được làm mềm (08:1688), nên trượt gate nghĩa là giả thuyết sai chứ không phải do thiếu tính năng. L11–L12 chỉ xếp 18 SP story trên sức chứa 51; phần dư là đệm sửa lỗi beta, không dùng để thêm tính năng.
A4: Tiến độ | C4: =COUNTA($C$6:$C$400)&" mục" -> 54 mục | D4: ="Xong: "&COUNTIF($I$6:$I$400,"Xong") -> Xong: 0 | E4: ="Một phần: "&COUNTIF($I$6:$I$400,"Một phần") -> Một phần: 0 | F4: ="Chưa làm: "&COUNTIF($I$6:$I$400,"Chưa làm") -> Chưa làm: 36 | G4: ="Bị chặn: "&COUNTIF($I$6:$I$400,"Bị chặn") -> Bị chặn: 0 | H4: ="Cần chốt: "&COUNTIF($I$6:$I$400,"Cần chốt") -> Cần chốt: 0 | I4: ="Chưa xác nhận: "&COUNTIF($I$6:$I$400,"Chưa xác nhận") -> Chưa xác nhận: 0 | J4: ="Cắt / hoãn: "&COUNTIF($I$6:$I$400,"Cắt / hoãn") -> Cắt / hoãn: 18 | K4: ="Tỷ lệ xong: "&TEXT(IFERROR(COUNTIF($I$6:$I$400,"Xong")/(COUNTA($C$6:$C$400)-COUNTIF($I$6:$I$400,"Cắt / hoãn")),0),"0%") -> Tỷ lệ xong: 0%
A5: STT | B5: Nhóm | C5: Mã | D5: Nội dung | E5: Sprint | F5: Phụ trách | G5: SP | H5: Ưu tiên | I5: Trạng thái | J5: Ghi chú / bằng chứng | K5: Nguồn | L5: Người xác nhận | M5: Ngày xong
A6: 1 | B6: Story | C6: E7-S5 | D6: WebSocket đếm chỗ realtime (thay polling 30 giây) | F6: Founder | G6: 13 | H6: SHOULD | I6: Cắt / hoãn | J6: Tinh gọn: cắt WebSocket (thu hồi 11 SP); số chỗ cập nhật bằng polling 30 giây khi màn hình đang mở (2 SP còn lại, đi cùng RSVP ở L5) | K6: Doc 08 §6 · Doc 08 §10.2
A7: 2 | B7: Story | C7: E3-S5 | D7: Xem & sửa hồ sơ ngay trong app | F7: Founder | G7: 8 | H7: MUST | I7: Cắt / hoãn | J7: Tinh gọn: hoãn nhánh native; người dùng xem và sửa hồ sơ trên web/PWA | K7: Doc 08 §6 · Doc 08 §10.2
A8: 3 | B8: Story | C8: E3-S4 | D8: Hồ sơ công khai của organizer trên web | E8: L11 | F8: TV2 | G8: 5 | H8: SHOULD | I8: Chưa làm | J8: Tinh gọn: nhóm C không cắt nên giữ đủ 5 SP | K8: Doc 08 §6
A9: 4 | B9: Story | C9: E10-S2 | D9: Bản dịch tiếng Việt do người dịch, không phải dịch máy | E9: L11 | F9: Thuê ngoài: Dịch giả | G9: 1 | H9: MUST | I9: Chưa làm | J9: Tinh gọn: dịch giả freelance dịch toàn bộ chuỗi UI + 3 trang nội dung (12 triệu, trọn gói); TV2 chỉ nạp file vào packages/i18n; Founder ký hợp đồng và nghiệm thu | K9: Doc 08 §6 · Doc 08 §10.2
A10: 5 | B10: Story | C10: E11-S2 | D10: Tích hợp công cụ phân tích sản phẩm, dựng phễu thật | E10: L11 | F10: TV3 | G10: 3 | H10: MUST | I10: Chưa làm | J10: Tinh gọn: dùng gói miễn phí của công cụ phân tích, tự động bắt sự kiện; TV3 gắn SDK trên web/PWA | K10: Doc 08 §6 · Doc 08 §10.2
A11: 6 | B11: Story | C11: E4-S5 | D11: Hoạt động lặp lại theo tuần (recurrence_rule sinh nhiều occurrence) | F11: Founder | G11: 8 | H11: MUST | I11: Cắt / hoãn | J11: Tinh gọn: hoãn tới sau ra mắt; từ L8 Founder nhân bản các buổi lặp lại trong Admin Console, khoảng 20 phút/tuần (TG-M5-7; nút nhân bản ở TG-M5-6) | K11: Doc 08 §6 · Doc 08 §10.2
A12: 7 | B12: Story | C12: E4-S10 | D12: Trang quản lý hoạt động của tôi: sắp diễn ra / đã qua / nháp | E12: L11 | F12: TV1 | G12: 4 | H12: MUST | I12: Chưa làm | J12: Tinh gọn: Nhóm B rút gọn 8 → 4 SP: chỉ là danh sách lọc theo host_user_id, không có tab nháp / đã qua riêng | K12: Doc 08 §6 · Doc 08 §10.2
A13: 8 | B13: Story | C13: E5-S8 | D13: Chuyển danh sách ↔ bản đồ trên mobile | F13: Founder | G13: 8 | H13: SHOULD | I13: Cắt / hoãn | J13: Tinh gọn: hoãn nhánh native; web cũng hoãn bản đồ (E5-S6), thay bằng danh sách nhóm theo 6 khu vực MVP | K13: Doc 08 §6 · Doc 08 §10.2
A14: 9 | B14: Story | C14: E6-S8 | D14: Số chỗ còn lại cập nhật realtime trên mobile | F14: Founder | G14: 8 | H14: SHOULD | I14: Cắt / hoãn | J14: Tinh gọn: hoãn nhánh native; trên web/PWA số chỗ cập nhật bằng polling 30 giây | K14: Doc 08 §6 · Doc 08 §10.2
A15: 10 | B15: Story | C15: E11-S3 | D15: Báo cáo tuần tự động | F15: Founder | G15: 5 | H15: MUST | I15: Cắt / hoãn | J15: Tinh gọn: cắt; Founder đọc bảng BI 10 phút mỗi sáng Thứ Hai, bắt đầu từ L8 (TG-M5-12) | K15: Doc 08 §6 · Doc 08 §10.2
A16: 11 | B16: Story | C16: E11-S4 | D16: Link mời bạn có ghi nhận | F16: Founder | G16: 5 | H16: SHOULD | I16: Cắt / hoãn | J16: Tinh gọn: hoãn tới sau ra mắt; không đo được kênh giới thiệu trong 2 tháng đầu | K16: Doc 08 §6 · Doc 08 §10.2
A17: 12 | B17: Story | C17: E11-S5 | D17: SEO cho truy vấn "things to do in Da Nang this week" | E17: L12 | F17: TV2 | G17: 5 | H17: MUST | I17: Chưa làm | J17: Tinh gọn: nhóm C GIỮ NGUYÊN: kênh tăng trưởng gần như miễn phí duy nhất khi không có cửa hàng ứng dụng | K17: Doc 08 §6
A18: 13 | B18: Story | C18: E12-S4 | D18: Mô tả cửa hàng song ngữ + ảnh chụp màn hình | F18: Founder | G18: 5 | H18: MUST | I18: Cắt / hoãn | J18: Tinh gọn: hoãn cùng toàn bộ E12; mô tả song ngữ + ảnh chụp màn hình chuyển sang bộ truyền thông ra mắt (TG-M6-6) | K18: Doc 08 §6 · Doc 08 §10.2
A19: 14 | B19: Story | C19: E12-S6 | D19: App được duyệt và có mặt trên cả hai cửa hàng đúng ngày | F19: Founder | G19: 5 | H19: MUST | I19: Cắt / hoãn | J19: Tinh gọn: không có mặt trên App Store / Google Play ở M6; ra mắt bằng web/PWA | K19: Doc 08 §6 · Doc 08 §10.2
A20: 15 | B20: Story | C20: E5-S10 | D20: Lưu bộ lọc yêu thích, lưu hoạt động xem sau | F20: Founder | G20: 5 | H20: COULD | I20: Cắt / hoãn | J20: Tinh gọn: hoãn; người dùng lọc lại mỗi lần vào | K20: Doc 08 §6 · Doc 08 §10.2
A21: 16 | B21: DoD bổ sung | C21: S8-DoD-1 | D21: Không còn P0 nào mở. P1 còn mở ≤ 3, mỗi cái có ngày hẹn | E21: L11 | F21: TV1 | I21: Chưa làm | J21: Tinh gọn: không có QA thường trực: các thành viên kiểm chéo, Founder ký người thứ hai (DoD-9) | K21: Doc 08 §6
A22: 17 | B22: DoD bổ sung | C22: S8-DoD-2 | D22: Hai chỗ rớt phễu lớn nhất đã có thay đổi cụ thể và đo lại được — ghi rõ "trước / sau" trong issue | E22: L11 | F22: TV1 + TV3 | I22: Chưa làm | J22: Tinh gọn: Founder chọn hai điểm rớt từ phễu beta L10; TV1 sửa trên web/PWA, TV3 đo lại phễu | K22: Doc 08 §6
A23: 18 | B23: DoD bổ sung | C23: S8-DoD-3 | D23: Bản dịch tiếng Việt được một người Việt không thuộc đội đọc lại toàn bộ, chấm ≥ 4/5 về độ tự nhiên | E23: L11 | F23: Founder | I23: Chưa làm | J23: Tinh gọn: người đọc lại phải ngoài đội và khác dịch giả thuê ngoài; TV2 nạp bản đã sửa | K23: Doc 08 §6
A24: 19 | B24: DoD bổ sung | C24: S8-DoD-4 | D24: Thời gian tải danh sách khám phá trên 4G mô phỏng < 2,5 giây tới nội dung đầu tiên | E24: L11 | F24: TV1 | I24: Chưa làm | J24: Tinh gọn: đo trên trang khám phá web/PWA (không có app native); phần tối ưu cho điện thoại đã làm ở L9 | K24: Doc 08 §6
A25: 20 | B25: DoD bổ sung | C25: S8-DoD-5 | D25: Realtime: nếu WebSocket rớt thì tự hạ cấp về polling 30 giây, không hiện lỗi cho người dùng | F25: Founder | I25: Cắt / hoãn | J25: Tinh gọn: cắt cùng E7-S5; polling 30 giây là cơ chế duy nhất và vẫn không được hiện lỗi cho người dùng | K25: Doc 08 §6 · Doc 08 §10.2
A26: 21 | B26: DoD bổ sung | C26: S9-DoD-1 | D26: Sự kiện lặp lại: recurrence_rule sinh occurrence trước 12 tuần, sửa một buổi không ảnh hưởng các buổi khác, huỷ chuỗi hỏi rõ "buổi này hay tất cả buổi sau" | F26: Founder | I26: Cắt / hoãn | J26: Tinh gọn: cắt cùng E4-S5; thay bằng Founder nhân bản thủ công trong Admin Console (TG-M5-7) | K26: Doc 08 §6 · Doc 08 §10.2
A27: 22 | B27: DoD bổ sung | C27: S9-DoD-2 | D27: Release candidate v1.0.0-rc.1 đã dựng bằng profile production, đã chạy hồi quy đầy đủ, không có lỗi chặn | E27: L12 | F27: TV1 | I27: Chưa làm | J27: Tinh gọn: RC là bản web/PWA + API dựng cho production (không có profile EAS); hồi quy do QA thuê ngoài đợt 2 (TG-M6-5) cùng Playwright của cả ba thành viên | K27: Doc 08 §6
A28: 23 | B28: DoD bổ sung | C28: S9-DoD-3 | D28: Trang chỉ mục theo khu vực và theo loại hình đã sinh sitemap, đã submit Search Console; Lighthouse SEO ≥ 95 trên 5 trang mẫu | E28: L12 | F28: TV2 | I28: Chưa làm | J28: Tinh gọn: Founder cấp quyền Search Console (tài khoản Google do Founder giữ) | K28: Doc 08 §6
A29: 24 | B29: DoD bổ sung | C29: S9-DoD-4 | D29: Diễn tập runbook sự cố thật: cố ý tắt Redis trên staging trong giờ làm việc → đo thời gian phát hiện (mục tiêu ≤ 5 phút) và thời gian khôi phục (mục tiêu ≤ 30 phút); biên bản diễn tập lưu lại | E29: L12 | F29: TV1 | I29: Chưa làm | J29: Tinh gọn: TV1 xử lý sự cố, TV2 bấm giờ và ghi biên bản, Founder ký chứng kiến | K29: Doc 08 §6
A30: 25 | B30: DoD bổ sung | C30: S9-DoD-5 | D30: Ảnh chụp màn hình cửa hàng dùng dữ liệu thật đã được phép, không dùng ảnh người không có đồng ý | E30: L12 | F30: Founder | I30: Chưa làm | J30: Tinh gọn: không có cửa hàng; áp dụng cho ảnh chụp màn hình trong bộ truyền thông ra mắt và ảnh OG (nguyên tắc đồng ý theo Luật 91/2025) | K30: Doc 08 §6
A31: 26 | B31: DoD bổ sung | C31: S9-DoD-6 | D31: Tài khoản demo cho reviewer cửa hàng đã tạo, có sẵn dữ liệu, thông tin đăng nhập đã ghi vào App Review Notes | F31: Founder | I31: Cắt / hoãn | J31: Tinh gọn: không nộp cửa hàng ở M6 nên không cần tài khoản cho reviewer | K31: Doc 08 §6 · Doc 08 §10.2
A32: 27 | B32: DoD bổ sung | C32: S10-DoD-1 | D32: Toàn bộ checklist §12 đã tích xanh, có tên người ký từng mục | E32: L12 | F32: Founder + TV1 | I32: Chưa làm | J32: Tinh gọn: các dòng §12 chỉ dành cho cửa hàng/native ghi N/A có chữ ký Founder; ký xong trước go/no-go cuối L12 (TG-M6-1) | K32: Doc 08 §6
A33: 28 | B33: DoD bổ sung | C33: S10-DoD-2 | D33: Chuông báo (alerting) đã bật cho: tỷ lệ lỗi 5xx > 1%, độ trễ p95 > 800 ms, hàng đợi BullMQ tồn > 500 job, Postgres kết nối > 80% | E33: L12 | F33: TV1 | I33: Chưa làm | K33: Doc 08 §6
A34: 29 | B34: DoD bổ sung | C34: S10-DoD-3 | D34: Có phương án lùi (rollback) đã thử: web lùi trong ≤ 5 phút, mobile vá bằng EAS Update trong ≤ 30 phút | E34: L12 | F34: TV1 | I34: Chưa làm | J34: Tinh gọn: chỉ còn phần web + API (lùi bằng script deploy một lệnh); phần EAS Update không áp dụng vì không có app native | K34: Doc 08 §6
A35: 30 | B35: DoD bổ sung | C35: S10-DoD-4 | D35: War-room có kênh riêng, danh sách trực theo giờ, số điện thoại dự phòng | E35: L12 | F35: Founder | I35: Chưa làm | J35: Tinh gọn: war-room có 4 người: TV1 (hạ tầng + vòng lặp lõi), TV2 (tài khoản + PWA), TV3 (kiểm duyệt + Admin Console), Founder (cộng đồng + report P0 SLA 2 giờ); mở trong tuần ra mắt 29/03 – 02/04/2027 | K35: Doc 08 §6
A36: 31 | B36: Nghiệm thu | C36: M6-1 | D36: Sự kiện đang mở mỗi tuần — đếm số occurrence có status = 'published', starts_at rơi trong tuần đó và còn nhận RSVP — ngưỡng: ≥ 25 mỗi tuần, trung bình 4 tuần liên tiếp 25/01 – 21/02/2027, và không tuần nào < 20 (sàn tuyệt đối) | F36: Founder | I36: Chưa làm | J36: Bằng chứng: Truy vấn tự động, báo cáo tuần. Tinh gọn: ngưỡng không làm mềm; báo cáo tuần tự động đã cắt nên số lấy từ bảng BI Founder đọc mỗi Thứ Hai (TG-M5-12); cửa sổ 4 tuần phải dời theo mốc 01/04/2027 (TG-M6-1) | K36: Doc 08 §7
A37: 32 | B37: Nghiệm thu | C37: M6-2 | D37: Phủ khu vực — không khu vực MVP nào có 0 sự kiện đang mở — ngưỡng: 6/6 khu vực (An Thượng, Mỹ Khê, Mỹ An, Hải Châu, Sơn Trà, Ngũ Hành Sơn) có ≥ 1 sự kiện trong mỗi tuần của 4 tuần đo | F37: Founder | I37: Chưa làm | J37: Bằng chứng: Bảng chéo tuần × khu vực. Tinh gọn: ngưỡng giữ nguyên; bảng chéo tuần × khu vực dựng trên công cụ BI (E9-S5); cửa sổ đo dời theo mốc 01/04/2027 | K37: Doc 08 §7
A38: 33 | B38: Nghiệm thu | C38: M6-3 | D38: WCA — Weekly Confirmed Attendances, số lượt tham dự đã xác nhận (checked_in) trong 7 ngày — ngưỡng: 220 – 280 lượt/tuần ở thời điểm M6. Ngưỡng cảnh báo đỏ: < 110 | F38: Founder | I38: Chưa làm | J38: Bằng chứng: Truy vấn rsvps.status = 'checked_in'. Tinh gọn: ngưỡng không làm mềm; checked_in sinh từ việc organizer tick tay (E6-S5 rút gọn) | K38: Doc 08 §7
A39: 34 | B39: Nghiệm thu | C39: M6-4 | D39: Organizer tự quản lý listing của mình (events.source = 'self_serve' và host_user_id là người thật) — ngưỡng: ≥ 8 organizer | F39: Founder | I39: Chưa làm | J39: Bằng chứng: Truy vấn events gộp theo host_user_id. Tinh gọn: organizer tự quản qua danh sách lọc theo host_user_id (E4-S10 rút gọn) | K39: Doc 08 §7
A40: 35 | B40: Nghiệm thu | C40: M6-5 | D40: Tỷ lệ sự kiện tự phục vụ trên tổng sự kiện đang mở — ngưỡng: ≥ 35% | F40: Founder | I40: Chưa làm | J40: Bằng chứng: Báo cáo tuần. Tinh gọn: báo cáo tuần tự động đã cắt; tỷ lệ tự phục vụ đọc trên bảng BI mỗi Thứ Hai (TG-M5-12, thêm chỉ số này vào bảng từ L11) | K40: Doc 08 §7
A41: 36 | B41: Nghiệm thu | C41: M6-6 | D41: App có mặt trên App Store và Google Play — ngưỡng: Cả hai, trạng thái available | F41: Founder | I41: Cắt / hoãn | J41: Bằng chứng: Link cửa hàng công khai. Tinh gọn: không phát hành trên cửa hàng ở M6; bù bằng SEO (E11-S5) và chia sẻ link web/PWA trong các nhóm expat (TG-M6-6) | K41: Doc 08 §7 · Doc 08 §10.2
A42: 37 | B42: Nghiệm thu | C42: M6-7 | D42: Web production sống trên tên miền chính, HTTPS, có giám sát — ngưỡng: Đạt | F42: TV1 | I42: Chưa làm | J42: Bằng chứng: Bảng giám sát. Tinh gọn: đây là kênh ra mắt chính (PWA thay app native) | K42: Doc 08 §7
A43: 38 | B43: Nghiệm thu | C43: M6-8 | D43: Crash-free session, đo 7 ngày trước ra mắt — ngưỡng: ≥ 99,5% | F43: TV1 | I43: Chưa làm | J43: Bằng chứng: Sentry. Tinh gọn: đo crash-free session của web/PWA bằng Sentry (không có app native); TV1 cấu hình Sentry, chủ chức năng sửa lỗi phía client | K43: Doc 08 §7
A44: 39 | B44: Nghiệm thu | C44: M6-9 | D44: Beta user hoạt động chuyển tiếp sang bản công khai — ngưỡng: ≥ 100 | F44: Founder | I44: Chưa làm | J44: Bằng chứng: Bảng phân tích. Tinh gọn: beta tinh gọn chỉ có 60 user nên không thể đạt ngưỡng ≥ 100 từ beta; Founder chốt lại ngưỡng (TG-M6-1) | K44: Doc 08 §7
A45: 40 | B45: Nghiệm thu | C45: M6-10 | D45: Runbook sự cố đã diễn tập thật (không phải chỉ viết ra) — ngưỡng: 1 lần diễn tập có biên bản, thời gian phát hiện ≤ 5 phút, khôi phục ≤ 30 phút | F45: TV1 | I45: Chưa làm | J45: Bằng chứng: Biên bản diễn tập S9. Tinh gọn: diễn tập ở L12 thay vì S9 | K45: Doc 08 §7
A46: 41 | B46: Nghiệm thu | C46: M6-11 | D46: Toàn bộ checklist §12 tích xanh, có tên người ký từng mục — ngưỡng: 100% | F46: Founder + TV1 | I46: Chưa làm | J46: Bằng chứng: Checklist đã ký. Tinh gọn: các dòng §12 chỉ dành cho cửa hàng/native ghi N/A có chữ ký Founder; hạn ký dời theo ngày go/no-go tinh gọn (TG-M6-1) | K46: Doc 08 §7
A47: 42 | B47: Demo | C47: S8-Demo-1 | D47: Bảng lỗi beta: mở đầu sprint bao nhiêu, đóng bao nhiêu, còn lại bao nhiêu | E47: L11 | F47: TV1 | I47: Chưa làm | K47: Doc 08 §6
A48: 43 | B48: Demo | C48: S8-Demo-2 | D48: Hai màn hình đã sửa, đặt cạnh ảnh chụp bản cũ, kèm số liệu phễu trước/sau | E48: L11 | F48: TV1 + TV3 | I48: Chưa làm | K48: Doc 08 §6
A49: 44 | B49: Demo | C49: S8-Demo-3 | D49: Mở hai thiết bị cạnh nhau: một máy RSVP → máy kia thấy số chỗ giảm ngay | F49: Founder | I49: Cắt / hoãn | J49: Tinh gọn: cắt cùng E7-S5; với polling 30 giây, máy kia chỉ thấy số chỗ giảm sau tối đa 30 giây | K49: Doc 08 §6 · Doc 08 §10.2
A50: 45 | B50: Demo | C50: S8-Demo-4 | D50: Duyệt toàn bộ app ở chế độ tiếng Việt, không còn chuỗi lai | E50: L11 | F50: TV2 | I50: Chưa làm | J50: Tinh gọn: duyệt trên web/PWA (không có app native); chuỗi sai trả lại dịch giả thuê ngoài sửa | K50: Doc 08 §6
A51: 46 | B51: Demo | C51: S9-Demo-1 | D51: Tạo một lớp trao đổi ngôn ngữ lặp mỗi Thứ Ba trong 12 tuần → 12 occurrence hiện ra, RSVP vào một buổi không ảnh hưởng buổi khác | F51: Founder | I51: Cắt / hoãn | J51: Tinh gọn: cắt cùng E4-S5; thay bằng Founder nhân bản buổi học trong Admin Console (TG-M5-7) | K51: Doc 08 §6 · Doc 08 §10.2
A52: 47 | B52: Demo | C52: S9-Demo-2 | D52: Trình bày trang cửa hàng giả lập với ảnh chụp màn hình và mô tả song ngữ | F52: Founder | I52: Cắt / hoãn | J52: Tinh gọn: không có trang cửa hàng ở M6 | K52: Doc 08 §6 · Doc 08 §10.2
A53: 48 | B53: Demo | C53: S9-Demo-3 | D53: Xem lại video diễn tập tắt Redis, đọc biên bản thời gian phát hiện / khôi phục | E53: L12 | F53: TV1 | I53: Chưa làm | K53: Doc 08 §6
A54: 49 | B54: Demo | C54: S9-Demo-4 | D54: Báo cáo tuần tự động gửi vào email lúc 09:00 Thứ Hai | F54: Founder | I54: Cắt / hoãn | J54: Tinh gọn: cắt cùng E11-S3; Founder đọc bảng BI mỗi sáng Thứ Hai (TG-M5-12) | K54: Doc 08 §6 · Doc 08 §10.2
A55: 50 | B55: Bổ sung từ mockup | C55: MK-GATE-01 | D55: Nếu giữ cổng swipe: job đo G1 / G2 hằng ngày trên AD-10, bật điểm vào deck khi đạt 3 tuần liên tiếp. | F55: TV1 | I55: Chưa làm | J55: Tinh gọn: nằm ngoài 359 SP của kịch bản tinh gọn; chỉ làm nếu còn đệm ở L11–L12, không chặn ra mắt | K55: Doc 14 §1.5
A56: 51 | B56: Bổ sung kịch bản tinh gọn | C56: TG-M6-1 | D56: Chốt bản tinh gọn của checklist §12 và gate M6: ghi N/A có chữ ký cho các dòng chỉ dành cho cửa hàng/native hoặc thuộc story đã cắt (§12.2, phần EAS của P-11, phần mobile của M-01, M-03); P-08 đổi sang crash-free session của web/PWA (khớp M6-8); P-01 tính story MUST của L0 → L12 trừ mục Cắt / hoãn; M-06 còn một sự kiện ra mắt; đổi vai ký QA / Mobile / Frontend / Backend / Tech Lead / Community Manager / Designer sang Founder / TV1 / TV2 / TV3, giữ nguyên chữ ký Luật sư ở §12.4; dời hạn ký, ngày go/no-go và cửa sổ đo 4 tuần theo mốc 01/04/2027 | E56: L11 | F56: Founder + TV1 | H56: MUST | I56: Chưa làm | J56: Founder chốt lại ngưỡng M6-9 vì beta chỉ có 60 user; các ngưỡng dòng chảy M6-1/-2/-3 giữ nguyên | K56: Doc 08 §10.2 · 08:1575; §10.4 · 08:1670, 08:1686, 08:1688; §11.3 · 08:1803, 08:1804; §12 · 08:1835, 08:1868; §13.3 · 08:1928
A57: 52 | B57: Bổ sung kịch bản tinh gọn | C57: TG-M6-4 | D57: Founder đẩy curate lên ≥ 25 sự kiện đang mở mỗi tuần, đủ 6 khu vực MVP, và lấp sẵn lịch 4 tuần sau ra mắt | E57: L12 | F57: Founder | H57: MUST | I57: Chưa làm | J57: chỉ một mình Founder curate (không có Community Manager); phải đạt 25/tuần ngay từ đầu cửa sổ đo 4 tuần, không phải đến cuối L12 mới đạt | K57: Doc 08 §10.4 · 08:1672; §9.2 · 08:1515, 08:1527; §12.3 C-07 · 08:1864
A58: 53 | B58: Bổ sung kịch bản tinh gọn | C58: TG-M6-5 | D58: Thuê QA ngoài đợt 2 (1 tuần, 15 triệu) chạy hồi quy đầy đủ trên release candidate web/PWA trước ra mắt, gồm cài PWA và nhận Web Push trên Android Chrome và iPhone iOS ≥ 16.4 thật | E58: L12 | F58: Thuê ngoài: QA | H58: MUST | I58: Chưa làm | J58: TV1, TV2, TV3 bàn giao bộ ca Playwright và tài khoản test của phần mình, TV1 cấp môi trường RC; Founder ký hợp đồng và xác nhận kết quả (DoD-9) | K58: Doc 08 §9.2 · 08:1519; §11.3 · 08:1790; §10.2 · 08:1576
A59: 54 | B59: Bổ sung kịch bản tinh gọn | C59: TG-M6-6 | D59: Truyền thông ra mắt theo bản tinh gọn: chia sẻ link web/PWA trong các nhóm Facebook expat Đà Nẵng thay cho kênh cửa hàng ứng dụng, tổ chức một sự kiện ra mắt thay vì hai, không chạy quảng cáo trả tiền | E59: L12 | F59: Founder | H59: MUST | I59: Chưa làm | J59: TV2 chụp ảnh màn hình cho bộ truyền thông (gói Designer trọn gói đã kết thúc từ GĐ A); chỉ dùng ảnh đã có đồng ý (S9-DoD-5) | K59: Doc 08 §10.5 · 08:1694; §11.3 · 08:1804; §9.2 · 08:1517

Sheet Chú thích
A1: CÁCH DÙNG
A2: Sửa được | B2: Ở các sheet M0–M6 chỉ sửa 4 cột: Trạng thái (chọn từ danh sách), Ghi chú / bằng chứng, Người xác nhận, Ngày xong. Sheet "Tổng quan" tự đếm lại bằng công thức, không cần sửa tay.
A3: Ví dụ một dòng đã xong | B3: Trạng thái = Xong · Ghi chú = "Link run CI #128, 6 phút 40 giây" · Người xác nhận = Founder · Ngày xong = 25/09/2026
A4: Tỷ lệ xong | B4: Tính trên các mục còn trong phạm vi: Xong / (Tổng − Cắt / hoãn).
A6: TRẠNG THÁI
A7: Xong | B7: Đã làm và có bằng chứng (test, ảnh, link).
A8: Một phần | B8: Đã có code hoặc cấu hình nhưng còn thiếu phần được ghi ở cột Ghi chú.
A9: Chưa làm | B9: Chưa bắt đầu. Mặc định cho các mục của M2–M6 chưa được kiểm tra chi tiết.
A10: Bị chặn | B10: Không làm được cho tới khi việc khác xong (ghi rõ ở cột Ghi chú).
A11: Cần chốt | B11: Cần một quyết định (Founder, Product Owner, Tech Lead, BA hoặc luật sư) trước khi làm.
A12: Chưa xác nhận | B12: Việc ngoài repo (pháp lý, tài khoản, vận hành) chưa có bằng chứng; người phụ trách tự xác nhận.
A13: Cắt / hoãn | B13: Ra khỏi phạm vi kịch bản tinh gọn (CH-06 chốt 19/09/2026, cắt nhóm A + B theo doc 08 §10.2). Giữ lại để truy vết; không tính vào tỷ lệ xong.
A15: NHÓM
A16: Việc chặn & cần chốt | B16: Quyết định hoặc việc tồn đọng phải xử lý trước hoặc đầu phase, nếu không sẽ chặn các story.
A17: Story | B17: Story trong backlog, giao theo bảng san tải doc 08 §6.2.
A18: DoD bổ sung | B18: Definition of Done bổ sung của từng sprint (doc 08 §6).
A19: Nghiệm thu | B19: Tiêu chí nghiệm thu đo được của milestone (doc 08 §7).
A20: Demo | B20: Phần demo được vào chiều thứ Sáu cuối sprint (doc 08 §6).
A21: Việc ngoài SP | B21: Việc của Founder / Community Manager không tính story point.
A22: Bổ sung từ mockup | B22: Việc mới lộ ra khi dựng bộ mockup web (docs/mockups/, 18–19/09/2026) và các quyết định của chủ dự án ngày 19/09.
A23: Bổ sung kịch bản tinh gọn | B23: Việc chỉ có ở kịch bản tinh gọn (QĐ-77): PWA thay app native, Web Push, thuê ngoài Designer / QA / dịch giả, việc vận hành tay của Founder (doc 08 §9.2, §10, §11.3).
A25: NGUỒN TRẠNG THÁI
A26: Kiểm tra code 18/09/2026 | B26: Đợt kiểm tra chỉ đọc code của Sprint 0 và Sprint 1, có đối chứng độc lập; bằng chứng dạng file:dòng ở cột Ghi chú.
A27: Ghi chú phiên 01–02/09 | B27: Các mục "Một phần" của M2–M3 lấy từ ghi chú phiên làm việc (.agent/memory/session-context.md), CHƯA kiểm chứng lại bằng code.
A28: Tài liệu gốc | B28: docs/analysis/08-roadmap-va-ke-hoach-trien-khai.md (§6 sprint, §7 milestone, §9.2 đội tinh gọn, §10 cắt phạm vi và lịch L0–L12), 00 (câu hỏi mở CH, mâu thuẫn MT, QĐ-77), 02 (use case), 05 (trust), 14 (swipe).
A29: Kịch bản tinh gọn | B29: CH-06 chốt 19/09/2026: đội 2 dev + Founder, cắt nhóm A + B, sprint L0–L12 (28 SP/sprint), M6 dời sang 01/04/2027, beta kín 60 user. Mốc M2–M6 và cột Sprint đã đổi theo doc 08 §10.4. Cập nhật 23/09/2026 (QĐ-78): đội code là 3 thành viên chia khối lượng 60-20-20 theo chức năng (TV1 dùng AI, TV2, TV3) + Founder; lịch và mức 28 SP/sprint giữ nguyên tới khi đo lại velocity sau L1.
A30: Mockup | B30: docs/mockups/: ① auth-onboarding, ② web-discover (Trang chủ, Discover), ③ web-event, ④ web-myspace, ⑤ web-swipe.
A32: NGƯỜI PHỤ TRÁCH (QĐ-78, chia 60-20-20 theo chức năng)
A33: Founder | B33: PO + Community Manager + curate + trực kiểm duyệt + quan hệ organizer + pháp lý + tài khoản cửa hàng / D-U-N-S + ký xác nhận người thứ hai (DoD-9). Không viết code.
A34: TV1 (dùng AI, ~60%) | B34: Nền tảng và vòng lặp lõi, kiêm Tech Lead: hạ tầng, CI/CD, deploy, trực sự cố, migration, design token, phân quyền và trust, sự kiện, khám phá, RSVP và waitlist, thông báo, đo lường sản phẩm.
A35: TV2 (~20%) | B35: Tài khoản và hồ sơ: đăng ký, xác minh, đăng nhập, phiên, Google, đặt lại mật khẩu, hồ sơ và onboarding, ảnh và CDN, OTP, ngôn ngữ và i18n, tuỳ chọn thông báo, xuất/xoá dữ liệu, PWA, SEO toàn site.
A36: TV3 (~20%) | B36: Vận hành: khu vực, kiểm duyệt (báo cáo, chặn, hàng đợi, xử lý, chống spam, Community Guidelines), Admin Console, curate và nhận quyền, tin tức do đội vận hành đăng, phễu phân tích.
A37: Thuê ngoài | B37: Designer (token + 20 màn, trọn gói 4 tuần) · QA (2 đợt: trước beta, trước ra mắt) · Dịch giả tiếng Việt.
A38: Hai tên nối bằng + | B38: Việc chạm hai chức năng; người đứng đầu chịu trách nhiệm chính và nhận SP. Mỗi thành viên làm trọn chức năng của mình: API, dữ liệu, màn web hoặc Admin Console, và E2E.
